station_id,TMAX_valid_observations,TMAX_missing_observations,TMAX_completeness_pct,TMAX_quality_flags,TMIN_valid_observations,TMIN_missing_observations,TMIN_completeness_pct,TMIN_quality_flags,PRCP_valid_observations,PRCP_missing_observations,PRCP_completeness_pct,PRCP_quality_flags,overall_completeness_pct,minimum_element_completeness_pct,total_valid_observations,total_quality_flags,status,station_name,latitude,longitude,elevation,state
USC00410012,1827,0,100.0,0,1827,0,100.0,0,1827,0,100.0,0,100.0,100.0,5481,0,QUALIFIED,ABERNATHY,33.8411,-101.8508,1023.8,TX
USW00013962,1827,0,100.0,0,1827,0,100.0,0,1827,0,100.0,0,100.0,100.0,5481,0,QUALIFIED,ABILENE RGNL AP,32.4106,-99.6819,544.7,TX
USW00023047,1827,0,100.0,0,1827,0,100.0,0,1827,0,100.0,0,100.0,100.0,5481,0,QUALIFIED,AMARILLO,35.2333,-101.7092,1128.7,TX
USC00410394,1827,0,100.0,0,1827,0,100.0,0,1827,0,100.0,0,100.0,100.0,5481,0,QUALIFIED,ASPERMONT,33.1525,-100.2331,534.6,TX
USW00013904,1827,0,100.0,0,1827,0,100.0,0,1827,0,100.0,0,100.0,100.0,5481,0,QUALIFIED,AUSTIN BERGSTROM INTL AP,30.1831,-97.68,146.6,TX
USW00013958,1827,0,100.0,0,1827,0,100.0,0,1827,0,100.0,0,100.0,100.0,5481,0,QUALIFIED,AUSTIN-CAMP MABRY,30.3208,-97.7603,204.2,TX
USC00411000,1827,0,100.0,0,1827,0,100.0,0,1827,0,100.0,0,100.0,100.0,5481,0,QUALIFIED,BOYS RCH,35.5303,-102.2564,972.6,TX
USC00411128,1827,0,100.0,0,1827,0,100.0,0,1827,0,100.0,0,100.0,100.0,5481,0,QUALIFIED,BROWNFIELD,33.1908,-102.2681,1005.8,TX
USC00411694,1827,0,100.0,0,1827,0,100.0,0,1827,0,100.0,0,100.0,100.0,5481,0,QUALIFIED,CHILDRESS 2,34.4386,-100.2186,585.5,TX
USW00023007,1827,0,100.0,0,1827,0,100.0,0,1827,0,100.0,0,100.0,100.0,5481,0,QUALIFIED,CHILDRESS MUNI AP,34.4275,-100.2839,594.1,TX
USC00411720,1827,0,100.0,0,1827,0,100.0,0,1827,0,100.0,0,100.0,100.0,5481,0,QUALIFIED,CHOKE CANYON DAM,28.4675,-98.2525,70.1,TX
USW00012924,1827,0,100.0,0,1827,0,100.0,0,1827,0,100.0,0,100.0,100.0,5481,0,QUALIFIED,CORPUS CHRISTI,27.7839,-97.5114,43.3,TX
USC00412011,1827,0,100.0,1,1827,0,100.0,0,1827,0,100.0,0,100.0,100.0,5481,1,QUALIFIED,CORPUS CHRISTI NWS,27.7792,-97.5056,13.4,TX
USC00412125,1827,0,100.0,0,1827,0,100.0,0,1827,0,100.0,0,100.0,100.0,5481,0,QUALIFIED,CROSS,28.5978,-98.5547,86.9,TX
USW00003927,1827,0,100.0,0,1827,0,100.0,0,1827,0,100.0,0,100.0,100.0,5481,0,QUALIFIED,DAL-FTW WSCMO AP,32.8975,-97.0219,165.8,TX
USW00013960,1827,0,100.0,0,1827,0,100.0,0,1827,0,100.0,0,100.0,100.0,5481,0,QUALIFIED,DALLAS FAA AP,32.8383,-96.8358,147.5,TX
USC00412404,1827,0,100.0,2,1827,0,100.0,1,1827,0,100.0,0,100.0,100.0,5481,3,QUALIFIED,DENTON 2 SE,33.1992,-97.105,192.0,TX
USC00412408,1827,0,100.0,0,1827,0,100.0,0,1827,0,100.0,0,100.0,100.0,5481,0,QUALIFIED,DENVER CITY,32.9694,-102.8264,1091.2,TX
USC00413368,1827,0,100.0,0,1827,0,100.0,0,1827,0,100.0,0,100.0,100.0,5481,0,QUALIFIED,FRIONA,34.6397,-102.7228,1226.8,TX
USW00012923,1827,0,100.0,1,1827,0,100.0,1,1827,0,100.0,0,100.0,100.0,5481,2,QUALIFIED,GALVESTON SCHOLES FLD,29.2703,-94.8642,1.5,TX
USC00413972,1827,0,100.0,0,1827,0,100.0,0,1827,0,100.0,0,100.0,100.0,5481,0,QUALIFIED,HART,34.3697,-102.1175,1116.5,TX
USW00012960,1827,0,100.0,0,1827,0,100.0,0,1827,0,100.0,0,100.0,100.0,5481,0,QUALIFIED,HOUSTON INTERCONTINENTAL AP,29.9844,-95.3608,27.4,TX
USC00414382,1827,0,100.0,0,1827,0,100.0,0,1827,0,100.0,0,100.0,100.0,5481,0,QUALIFIED,HUNTSVILLE,30.7064,-95.5422,150.6,TX
USC00414670,1827,0,100.0,3,1827,0,100.0,1,1827,0,100.0,0,100.0,100.0,5481,4,QUALIFIED,JUNCTION 4SSW,30.4453,-99.8045,532.5,TX
USC00414967,1827,0,100.0,0,1827,0,100.0,0,1827,0,100.0,0,100.0,100.0,5481,0,QUALIFIED,LAKE ALAN HENRY,33.0642,-101.0489,695.6,TX
USC00415183,1827,0,100.0,0,1827,0,100.0,0,1827,0,100.0,0,100.0,100.0,5481,0,QUALIFIED,LEVELLAND,33.55,-102.3758,1071.1,TX
USW00023042,1827,0,100.0,0,1827,0,100.0,0,1827,0,100.0,0,100.0,100.0,5481,0,QUALIFIED,LUBBOCK,33.6542,-101.8142,1029.6,TX
USC00415409,1827,0,100.0,0,1827,0,100.0,0,1827,0,100.0,0,100.0,100.0,5481,0,QUALIFIED,LUBBOCK WFO,33.5281,-101.8761,986.0,TX
USW00023023,1827,0,100.0,0,1827,0,100.0,0,1827,0,100.0,0,100.0,100.0,5481,0,QUALIFIED,MIDLAND ODESSA,31.9433,-102.1892,902.8,TX
USC00416074,1827,0,100.0,0,1827,0,100.0,0,1827,0,100.0,0,100.0,100.0,5481,0,QUALIFIED,MORTON,33.7186,-102.7586,1147.9,TX
USC00416135,1827,0,100.0,1,1827,0,100.0,0,1827,0,100.0,0,100.0,100.0,5481,1,QUALIFIED,MULESHOE #1,34.2192,-102.7328,1167.4,TX
USC00416137,1827,0,100.0,1,1827,0,100.0,0,1827,0,100.0,0,100.0,100.0,5481,1,QUALIFIED,MULESHOE NWR,33.9561,-102.7778,1143.6,TX
USC00416644,1827,0,100.0,0,1827,0,100.0,0,1827,0,100.0,0,100.0,100.0,5481,0,QUALIFIED,OLTON,34.1794,-102.135,1100.6,TX
USC00416742,1827,0,100.0,0,1827,0,100.0,0,1827,0,100.0,0,100.0,100.0,5481,0,QUALIFIED,PADUCAH 15S,33.8083,-100.2981,566.3,TX
USC00416776,1827,0,100.0,0,1827,0,100.0,0,1827,0,100.0,0,100.0,100.0,5481,0,QUALIFIED,PAMPA #2,35.5544,-100.9736,960.1,TX
USC00417079,1827,0,100.0,0,1827,0,100.0,0,1827,0,100.0,0,100.0,100.0,5481,0,QUALIFIED,PLAINVIEW,34.1892,-101.7022,1027.2,TX
USC00417081,1827,0,100.0,0,1827,0,100.0,0,1827,0,100.0,0,100.0,100.0,5481,0,QUALIFIED,PLAINVIEW WATER PRODUCTION,34.1981,-101.7461,1051.6,TX
USC00417327,1827,0,100.0,0,1827,0,100.0,0,1827,0,100.0,0,100.0,100.0,5481,0,QUALIFIED,PUTNAM,32.3664,-99.1925,494.1,TX
USW00023034,1827,0,100.0,2,1827,0,100.0,0,1827,0,100.0,0,100.0,100.0,5481,2,QUALIFIED,SAN ANGELO,31.3714,-100.4925,610.8,TX
USC00418818,1827,0,100.0,0,1827,0,100.0,0,1827,0,100.0,0,100.0,100.0,5481,0,QUALIFIED,TAHOKA,33.17,-101.81,948.5,TX
USC00419191,1827,0,100.0,0,1827,0,100.0,0,1827,0,100.0,0,100.0,100.0,5481,0,QUALIFIED,TURKEY,34.3961,-100.8967,716.9,TX
USW00012912,1827,0,100.0,0,1827,0,100.0,0,1827,0,100.0,0,100.0,100.0,5481,0,QUALIFIED,VICTORIA RGNL AP,28.8625,-96.93,33.8,TX
USW00013959,1827,0,100.0,0,1827,0,100.0,0,1827,0,100.0,0,100.0,100.0,5481,0,QUALIFIED,WACO RGNL AP,31.6181,-97.2283,151.8,TX
USC00419711,1827,0,100.0,1,1827,0,100.0,0,1827,0,100.0,0,100.0,100.0,5481,1,QUALIFIED,WHITE RVR RSVR,33.4564,-101.0925,734.3,TX
USW00013966,1827,0,100.0,0,1827,0,100.0,0,1827,0,100.0,0,100.0,100.0,5481,0,QUALIFIED,WICHITA FALLS MUNI AP,33.9786,-98.493,308.8,TX
USW00012919,1826,1,99.95,0,1827,0,100.0,0,1827,0,100.0,0,99.98,99.95,5480,0,QUALIFIED,BROWNSVILLE,25.9161,-97.4189,26.8,TX
USC00412464,1827,0,100.0,0,1827,0,100.0,0,1826,1,99.95,0,99.98,99.95,5480,0,QUALIFIED,DIMMITT,34.5442,-102.3019,1179.6,TX
USW00023044,1827,0,100.0,0,1826,1,99.95,0,1827,0,100.0,0,99.98,99.95,5480,0,QUALIFIED,EL PASO INTL AP,31.8122,-106.3775,1202.1,TX
USC00413214,1827,0,100.0,0,1827,0,100.0,0,1826,1,99.95,0,99.98,99.95,5480,0,QUALIFIED,FLOYDADA,33.9847,-101.3339,970.2,TX
USW00053903,1827,0,100.0,0,1827,0,100.0,0,1826,1,99.95,0,99.98,99.95,5480,0,QUALIFIED,HUNTSVILLE MUNI AP,30.7444,-95.5867,105.5,TX
USC00415265,1827,0,100.0,0,1827,0,100.0,0,1826,1,99.95,0,99.98,99.95,5480,0,QUALIFIED,LITTLEFIELD,33.8689,-102.2583,1054.0,TX
USC00415821,1827,0,100.0,0,1827,0,100.0,0,1826,1,99.95,0,99.98,99.95,5480,0,QUALIFIED,MEMPHIS,34.7258,-100.5378,629.4,TX
USW00012917,1827,0,100.0,0,1827,0,100.0,0,1826,1,99.95,0,99.98,99.95,5480,0,QUALIFIED,PORT ARTHUR SE TX RGNL AP,29.9519,-94.0261,4.0,TX
USC00417206,1827,0,100.0,0,1827,0,100.0,0,1826,1,99.95,0,99.98,99.95,5480,0,QUALIFIED,POST,33.1983,-101.3747,792.8,TX
USW00012921,1827,0,100.0,0,1827,0,100.0,0,1826,1,99.95,0,99.98,99.95,5480,0,QUALIFIED,SAN ANTONIO INTL AP,29.5442,-98.4839,243.5,TX
USC00418323,1827,0,100.0,1,1827,0,100.0,0,1826,1,99.95,0,99.98,99.95,5480,1,QUALIFIED,SILVERTON,34.4733,-101.3022,998.2,TX
USC00418566,1827,0,100.0,0,1827,0,100.0,0,1826,1,99.95,0,99.98,99.95,5480,0,QUALIFIED,SPUR,33.4792,-100.8761,700.1,TX
USC00419088,1827,0,100.0,0,1826,1,99.95,0,1827,0,100.0,0,99.98,99.95,5480,0,QUALIFIED,TORNILLO 2 SSE,31.4019,-106.0569,1088.1,TX
USC00419380,1826,1,99.95,0,1827,0,100.0,0,1827,0,100.0,0,99.98,99.95,5480,0,QUALIFIED,VIGO PARK,34.6508,-101.4981,1032.1,TX
USC00413285,1826,1,99.95,0,1826,1,99.95,0,1827,0,100.0,0,99.96,99.95,5479,0,QUALIFIED,FT WORTH WSFO,32.8342,-97.2981,196.3,TX
USC00415661,1826,1,99.95,0,1826,1,99.95,0,1827,0,100.0,0,99.96,99.95,5479,0,QUALIFIED,MATHIS 4 SSW,28.0372,-97.8725,42.1,TX
USW00003904,1826,1,99.95,0,1826,1,99.95,0,1826,1,99.95,0,99.95,99.95,5478,0,QUALIFIED,COLLEGE STN EASTERWOOD FLD,30.5911,-96.3631,96.0,TX
USW00012918,1826,1,99.95,0,1826,1,99.95,0,1826,1,99.95,0,99.95,99.95,5478,0,QUALIFIED,HOUSTON WILLIAM P HOBBY AP,29.6458,-95.2822,13.1,TX
USW00012970,1826,1,99.95,1,1826,1,99.95,1,1826,1,99.95,0,99.95,99.95,5478,2,QUALIFIED,SAN ANTONIO STINSON MUNI AP,29.3389,-98.4719,173.1,TX
USC00412121,1827,0,100.0,0,1827,0,100.0,0,1825,2,99.89,0,99.96,99.89,5479,0,QUALIFIED,CROSBYTON,33.6608,-101.2778,930.2,TX
USC00413828,1827,0,100.0,1,1827,0,100.0,0,1825,2,99.89,0,99.96,99.89,5479,1,QUALIFIED,GUTHRIE,33.6267,-100.3369,536.4,TX
USC00414570,1827,0,100.0,0,1827,0,100.0,0,1825,2,99.89,0,99.96,99.89,5479,0,QUALIFIED,JAYTON,33.2542,-100.5731,612.6,TX
USC00414810,1827,0,100.0,0,1827,0,100.0,0,1825,2,99.89,0,99.96,99.89,5479,0,QUALIFIED,KINGSVILLE,27.5311,-97.8497,17.4,TX
USC00415658,1827,0,100.0,0,1827,0,100.0,0,1825,2,99.89,0,99.96,99.89,5479,0,QUALIFIED,MATADOR,34.025,-100.8117,716.6,TX
USC00417074,1827,0,100.0,0,1827,0,100.0,0,1825,2,99.89,0,99.96,99.89,5479,0,QUALIFIED,PLAINS,33.1869,-102.8281,1120.1,TX
USC00418583,1827,0,100.0,0,1827,0,100.0,1,1825,2,99.89,0,99.96,99.89,5479,1,QUALIFIED,STAMFORD 1,32.9403,-99.8036,491.3,TX
USW00053910,1825,2,99.89,0,1825,2,99.89,0,1826,1,99.95,0,99.91,99.89,5476,0,QUALIFIED,HOUSTON HOOKS MEM AP,30.0681,-95.5564,46.6,TX
USW00012971,1825,2,99.89,0,1825,2,99.89,0,1825,2,99.89,0,99.89,99.89,5475,0,QUALIFIED,AUSTIN SAN ANTONIO,29.7042,-98.0286,233.8,TX
USW00093985,1825,2,99.89,1,1825,2,99.89,0,1825,2,99.89,0,99.89,99.89,5475,1,QUALIFIED,MINERAL WELLS AP,32.7817,-98.0603,287.1,TX
USC00417944,1825,2,99.89,0,1825,2,99.89,0,1825,2,99.89,1,99.89,99.89,5475,1,QUALIFIED,SAN ANGELO WFO,31.3708,-100.4944,576.1,TX
USW00013972,1825,2,99.89,0,1825,2,99.89,0,1825,2,99.89,0,99.89,99.89,5475,0,QUALIFIED,TYLER POUNDS FLD,32.3586,-95.4039,159.4,TX
USW00053902,1827,0,100.0,0,1827,0,100.0,0,1824,3,99.84,0,99.95,99.84,5478,0,QUALIFIED,CONROE MONTGOMERY CO AP,30.3611,-95.4175,69.5,TX
USW00012975,1824,3,99.84,0,1825,2,99.89,0,1826,1,99.95,0,99.89,99.84,5475,0,QUALIFIED,HOUSTON CLOVER FLD,29.5192,-95.2422,11.9,TX
USW00012977,1825,2,99.89,2,1826,1,99.95,4,1824,3,99.84,0,99.89,99.84,5475,6,QUALIFIED,HOUSTON SUGARLAND MEM,29.6197,-95.6575,23.5,TX
USW00012959,1825,2,99.89,0,1826,1,99.95,0,1824,3,99.84,0,99.89,99.84,5475,0,QUALIFIED,MCALLEN MILLER INTL AP,26.1792,-98.2444,30.2,TX
USC00417588,1824,3,99.84,1,1824,3,99.84,1,1827,0,100.0,0,99.89,99.84,5475,2,QUALIFIED,RICHARDSON,32.9964,-96.7428,206.7,TX
USC00413787,1824,3,99.84,1,1824,3,99.84,0,1825,2,99.89,0,99.85,99.84,5473,1,QUALIFIED,GRUVER,36.2631,-101.405,966.2,TX
USC00413266,1827,0,100.0,0,1823,4,99.78,0,1827,0,100.0,0,99.93,99.78,5477,0,QUALIFIED,FT HANCOCK 8SSE,31.1847,-105.7411,1064.7,TX
USW00093042,1826,1,99.95,0,1826,1,99.95,0,1823,4,99.78,0,99.89,99.78,5475,0,QUALIFIED,DALHART FAA AP,36.0253,-102.5489,1215.5,TX
USW00022010,1826,1,99.95,1,1823,4,99.78,1,1826,1,99.95,0,99.89,99.78,5475,2,QUALIFIED,DEL RIO INTL AP,29.3783,-100.9269,305.7,TX
USC00419175,1826,1,99.95,0,1825,2,99.89,0,1823,4,99.78,0,99.87,99.78,5474,0,QUALIFIED,TULIA,34.5583,-101.7239,1051.6,TX
USW00022016,1823,4,99.78,1,1823,4,99.78,0,1827,0,100.0,0,99.85,99.78,5473,1,QUALIFIED,PANTHER JUNCTION 2 N,29.3483,-103.2092,1065.0,TX
USW00023907,1823,4,99.78,0,1823,4,99.78,0,1826,1,99.95,0,99.84,99.78,5472,0,QUALIFIED,AUSTIN 33 NW,30.6222,-98.0847,414.8,TX
USW00003072,1823,4,99.78,0,1823,4,99.78,1,1826,1,99.95,0,99.84,99.78,5472,1,QUALIFIED,BRONTE 11 NNE,32.0408,-100.2494,608.7,TX
USW00003047,1823,4,99.78,0,1823,4,99.78,0,1826,1,99.95,0,99.84,99.78,5472,0,QUALIFIED,MONAHANS 6 ENE,31.6219,-102.8072,830.3,TX
USC00413280,1823,4,99.78,0,1823,4,99.78,0,1823,4,99.78,0,99.78,99.78,5469,0,QUALIFIED,FT STOCKTON,30.9072,-102.9153,926.0,TX
USW00013961,1825,2,99.89,0,1826,1,99.95,0,1822,5,99.73,0,99.85,99.73,5473,0,QUALIFIED,FT WORTH MEACHAM FLD,32.8247,-97.3642,213.7,TX
USC00410984,1822,5,99.73,0,1822,5,99.73,0,1827,0,100.0,0,99.82,99.73,5471,0,QUALIFIED,BOWIE,33.5511,-97.8472,329.2,TX
USW00012935,1823,4,99.78,2,1822,5,99.73,2,1825,2,99.89,0,99.8,99.73,5470,4,QUALIFIED,PALACIOS MUNI AP,28.7247,-96.2536,3.0,TX
USC00412114,1823,4,99.78,0,1823,4,99.78,0,1822,5,99.73,0,99.76,99.73,5468,0,QUALIFIED,CROCKETT,31.3072,-95.4508,105.8,TX
USW00012904,1823,4,99.78,0,1823,4,99.78,0,1822,5,99.73,0,99.76,99.73,5468,0,QUALIFIED,HARLINGEN RIO GRANDE VLY INTL,26.2303,-97.6556,9.4,TX
USC00413225,1822,5,99.73,1,1822,5,99.73,0,1822,5,99.73,0,99.73,99.73,5466,1,QUALIFIED,FOLLETT,36.4328,-100.1369,844.3,TX
USW00003971,1823,4,99.78,0,1825,2,99.89,1,1821,6,99.67,0,99.78,99.67,5469,1,QUALIFIED,DALLAS REDBIRD AP,32.6781,-96.8678,200.6,TX
USC00419800,1821,6,99.67,0,1821,6,99.67,0,1827,0,100.0,0,99.78,99.67,5469,0,QUALIFIED,WILLS PT,32.7019,-96.015,158.5,TX
USC00411017,1823,4,99.78,2,1823,4,99.78,2,1821,6,99.67,0,99.74,99.67,5467,4,QUALIFIED,BRADY,31.1444,-99.3492,521.5,TX
USC00412786,1823,4,99.78,0,1823,4,99.78,2,1821,6,99.67,0,99.74,99.67,5467,2,QUALIFIED,EL CAMPO,29.2,-96.2653,33.5,TX
USC00416792,1821,6,99.67,1,1821,6,99.67,0,1821,6,99.67,0,99.67,99.67,5463,1,QUALIFIED,PANTHER JUNCTION,29.3272,-103.2061,1140.0,TX
USC00417951,1821,6,99.67,1,1821,6,99.67,0,1821,6,99.67,0,99.67,99.67,5463,1,QUALIFIED,SAN AUGUSTINE,31.5192,-94.1186,89.9,TX
USC00414982,1827,0,100.0,3,1827,0,100.0,0,1820,7,99.62,0,99.87,99.62,5474,3,QUALIFIED,LAKE KEMP,33.7542,-99.1442,355.7,TX
USW00012907,1826,1,99.95,0,1824,3,99.84,0,1820,7,99.62,0,99.8,99.62,5470,0,QUALIFIED,LAREDO INTL AP,27.5333,-99.4667,150.6,TX
USC00411880,1822,5,99.73,0,1820,7,99.62,0,1826,1,99.95,0,99.76,99.62,5468,0,QUALIFIED,COLETO CREEK RSVR,28.7156,-97.1742,36.0,TX
USW00003901,1820,7,99.62,0,1820,7,99.62,0,1826,1,99.95,0,99.73,99.62,5466,0,QUALIFIED,LONGVIEW E TX RGNL AP,32.3908,-94.7139,107.3,TX
USC00414980,1820,7,99.62,1,1820,7,99.62,0,1822,5,99.73,0,99.65,99.62,5462,1,QUALIFIED,LAKE TAWAKONI,32.8522,-95.8864,136.6,TX
USC00418040,1820,7,99.62,2,1820,7,99.62,1,1822,5,99.73,0,99.65,99.62,5462,3,QUALIFIED,SANFORD DAM,35.7047,-101.5492,894.9,TX
USC00411524,1820,7,99.62,3,1820,7,99.62,0,1821,6,99.67,0,99.64,99.62,5461,3,QUALIFIED,CASTOLON,29.1333,-103.5144,661.1,TX
USC00410613,1820,7,99.62,0,1820,7,99.62,0,1820,7,99.62,0,99.62,99.62,5460,0,QUALIFIED,BEAUMONT RSCH CTR,30.0686,-94.2928,10.4,TX
USC00419207,1826,1,99.95,0,1826,1,99.95,0,1819,8,99.56,0,99.82,99.56,5471,0,QUALIFIED,TYLER,32.3008,-95.3103,154.8,TX
USW00003999,1823,4,99.78,0,1822,5,99.73,0,1819,8,99.56,0,99.69,99.56,5464,0,QUALIFIED,BURNET MUNI AP,30.7406,-98.2353,386.2,TX
USW00093987,1819,8,99.56,0,1819,8,99.56,0,1826,1,99.95,0,99.69,99.56,5464,0,QUALIFIED,LUFKIN ANGELINA CO AP,31.2358,-94.7547,87.2,TX
USC00411267,1819,8,99.56,2,1819,8,99.56,0,1819,8,99.56,0,99.56,99.56,5457,2,QUALIFIED,BUSHLAND 1 WSW,35.1867,-102.0797,1164.0,TX
USC00414770,1819,8,99.56,2,1819,8,99.56,0,1819,8,99.56,0,99.56,99.56,5457,2,QUALIFIED,KENT 8SE,31.0158,-104.1108,1402.7,TX
USW00053914,1827,0,100.0,0,1827,0,100.0,0,1818,9,99.51,0,99.84,99.51,5472,0,QUALIFIED,MCKINNEY MUNI AP,33.1828,-96.59,173.4,TX
USC00411337,1826,1,99.95,0,1818,9,99.51,0,1824,3,99.84,0,99.76,99.51,5468,0,QUALIFIED,CALLIHAM,28.4658,-98.3539,66.4,TX
USW00003991,1825,2,99.89,2,1825,2,99.89,2,1817,10,99.45,0,99.74,99.45,5467,4,QUALIFIED,DENTON MUNICPAL AP,33.2089,-97.1992,194.8,TX
USC00413614,1817,10,99.45,1,1818,9,99.51,1,1827,0,100.0,0,99.65,99.45,5462,2,QUALIFIED,GOLDTHWAITE 1 WSW,31.4406,-98.5903,459.3,TX
USC00418743,1817,10,99.45,0,1817,10,99.45,1,1827,0,100.0,2,99.64,99.45,5461,3,QUALIFIED,SULPHUR SPRINGS,33.1481,-95.6269,150.9,TX
USW00003024,1820,7,99.62,2,1821,6,99.67,0,1817,10,99.45,0,99.58,99.45,5458,2,QUALIFIED,BORGER HUTCHINSON CO AP,35.695,-101.3956,926.9,TX
USW00053968,1817,10,99.45,0,1817,10,99.45,0,1822,5,99.73,0,99.54,99.45,5456,0,QUALIFIED,PALESTINE 6 WNW,31.7797,-95.7233,116.7,TX
USW00012976,1819,8,99.56,3,1817,10,99.45,2,1819,8,99.56,0,99.53,99.45,5455,5,QUALIFIED,ANGLETON LK JACKSON BRAZORIA C,29.1153,-95.4633,7.6,TX
USC00411956,1819,8,99.56,1,1817,10,99.45,2,1818,9,99.51,0,99.51,99.45,5454,3,QUALIFIED,CONROE,30.3303,-95.4831,74.7,TX
USC00417624,1818,9,99.51,0,1818,9,99.51,1,1817,10,99.45,0,99.49,99.45,5453,1,QUALIFIED,RIO GRANDE VILLAGE,29.1853,-102.9622,566.3,TX
USC00414333,1819,8,99.56,0,1816,11,99.4,1,1827,0,100.0,0,99.65,99.4,5462,1,QUALIFIED,HOUSTON NWSO,29.4717,-95.0833,5.8,TX
USW00012947,1816,11,99.4,0,1817,10,99.45,0,1820,7,99.62,0,99.49,99.4,5453,0,QUALIFIED,COTULLA LA SALLE CO AP,28.4586,-99.2228,143.9,TX
USW00013973,1817,10,99.45,1,1816,11,99.4,2,1818,9,99.51,0,99.45,99.4,5451,3,QUALIFIED,JUNCTION KIMBLE CO AP,30.5106,-99.7664,521.5,TX
USW00053909,1827,0,100.0,0,1827,0,100.0,0,1815,12,99.34,0,99.78,99.34,5469,0,QUALIFIED,FT WORTH ALLIANCE AP,32.9944,-97.3203,215.5,TX
USC00410120,1820,7,99.62,0,1821,6,99.67,0,1815,12,99.34,0,99.54,99.34,5456,0,QUALIFIED,ALBANY,32.7047,-99.3011,441.4,TX
USC00419101,1814,13,99.29,0,1815,12,99.34,0,1819,8,99.56,0,99.4,99.29,5448,0,QUALIFIED,TOWN BLUFF DAM,30.7931,-94.1819,66.8,TX
USC00412019,1813,14,99.23,0,1813,14,99.23,0,1815,12,99.34,0,99.27,99.23,5441,0,QUALIFIED,CORSICANA,32.1225,-96.4867,138.1,TX
USC00413420,1827,0,100.0,0,1827,0,100.0,0,1812,15,99.18,0,99.73,99.18,5466,0,QUALIFIED,GAINESVILLE 5 ENE,33.6461,-97.0592,265.2,TX
USC00410493,1816,11,99.4,0,1816,11,99.4,0,1812,15,99.18,0,99.32,99.18,5444,0,QUALIFIED,BALLINGER 2 NW,31.7414,-99.9764,518.2,TX
USC00413992,1822,5,99.73,0,1822,5,99.73,0,1811,16,99.12,0,99.53,99.12,5455,0,QUALIFIED,HASKELL,33.1644,-99.7389,484.6,TX
USC00413341,1811,16,99.12,1,1811,16,99.12,0,1827,0,100.0,0,99.42,99.12,5449,1,QUALIFIED,FREER,27.8722,-98.6175,171.3,TX
USC00417841,1811,16,99.12,0,1811,16,99.12,0,1826,1,99.95,0,99.4,99.12,5448,0,QUALIFIED,RUSK,31.8092,-95.1428,211.8,TX
USC00411033,1811,16,99.12,1,1811,16,99.12,0,1816,11,99.4,0,99.22,99.12,5438,1,QUALIFIED,BRAVO,35.62,-103.0072,1268.0,TX
USW00053907,1821,6,99.67,0,1820,7,99.62,1,1810,17,99.07,0,99.45,99.07,5451,1,QUALIFIED,ARLINGTON MUNI AP,32.6583,-97.095,179.8,TX
USC00411715,1815,12,99.34,0,1815,12,99.34,1,1810,17,99.07,0,99.25,99.07,5440,1,QUALIFIED,CHISOS BASIN,29.2703,-103.3003,1615.4,TX
USC00416959,1813,14,99.23,4,1810,17,99.07,0,1812,15,99.18,0,99.16,99.07,5435,4,QUALIFIED,PERSIMMON GAP,29.6603,-103.1736,873.3,TX
USC00414278,1809,18,99.01,0,1809,18,99.01,0,1809,18,99.01,0,99.01,99.01,5427,0,QUALIFIED,HORDS CREEK DAM,31.8456,-99.5606,594.1,TX
USC00415060,1826,1,99.95,0,1824,3,99.84,0,1808,19,98.96,0,99.58,98.96,5458,0,QUALIFIED,LAREDO 2,27.5683,-99.4331,146.9,TX
USW00023091,1824,3,99.84,0,1823,4,99.78,0,1808,19,98.96,0,99.53,98.96,5455,0,QUALIFIED,FT STOCKTON PECOS CO AP,30.9119,-102.9172,917.8,TX
USW00012962,1814,13,99.29,0,1815,12,99.34,0,1808,19,98.96,0,99.2,98.96,5437,0,QUALIFIED,HONDO MUNI AP,29.36,-99.1742,281.0,TX
USC00416108,1809,18,99.01,1,1821,6,99.67,0,1807,20,98.91,0,99.2,98.91,5437,1,QUALIFIED,MT PLEASANT,33.1631,-95.0097,111.3,TX
USC00412741,1825,2,99.89,0,1825,2,99.89,0,1805,22,98.8,0,99.53,98.8,5455,0,QUALIFIED,EDEN,31.2211,-99.8503,624.2,TX
USC00415893,1816,11,99.4,0,1805,22,98.8,0,1822,5,99.73,0,99.31,98.8,5443,0,QUALIFIED,WFO MIDLAND,31.9425,-102.1894,875.4,TX
USC00418274,1803,24,98.69,0,1803,24,98.69,0,1825,2,99.89,0,99.09,98.69,5431,0,QUALIFIED,SHERMAN,33.7033,-96.6419,231.6,TX
USC00414182,1803,24,98.69,2,1802,25,98.63,0,1803,24,98.69,0,98.67,98.63,5408,2,QUALIFIED,HILLSBORO,32.0161,-97.1094,167.6,TX
USW00053912,1817,10,99.45,0,1815,12,99.34,1,1800,27,98.52,0,99.11,98.52,5432,1,QUALIFIED,CORSICANA CAMPBELL FLD,32.0317,-96.3994,135.0,TX
USC00413257,1800,27,98.52,4,1799,28,98.47,0,1799,28,98.47,0,98.49,98.47,5398,4,QUALIFIED,FT MCKAVETT,30.8272,-100.1103,661.1,TX
USW00093984,1822,5,99.73,1,1815,12,99.34,1,1798,29,98.41,0,99.16,98.41,5435,2,QUALIFIED,TEMPLE DRAUGHTON MIL,31.15,-97.4167,207.9,TX
USW00053911,1823,4,99.78,0,1824,3,99.84,0,1797,30,98.36,0,99.32,98.36,5444,0,QUALIFIED,TERRELL MUNI AP,32.7131,-96.2689,143.0,TX
USC00410433,1797,30,98.36,0,1797,30,98.36,0,1827,0,100.0,0,98.91,98.36,5421,0,QUALIFIED,AUSTIN GREAT HILLS,30.4144,-97.7664,268.2,TX
USC00418862,1797,30,98.36,0,1797,30,98.36,0,1824,3,99.84,2,98.85,98.36,5418,2,QUALIFIED,TAYLOR 1NW,30.5844,-97.4156,174.0,TX
USC00412585,1797,30,98.36,0,1797,30,98.36,1,1797,30,98.36,0,98.36,98.36,5391,1,QUALIFIED,DRIPPING SPRINGS 6 E,30.2194,-97.9878,330.4,TX
USC00413873,1797,30,98.36,0,1797,30,98.36,0,1797,30,98.36,0,98.36,98.36,5391,0,QUALIFIED,HALLETTSVILLE 2 N,29.4706,-96.9397,83.8,TX
USC00414782,1797,30,98.36,0,1797,30,98.36,0,1797,30,98.36,0,98.36,98.36,5391,0,QUALIFIED,KERRVILLE 3 NNE,30.0739,-99.1094,547.7,TX
USC00410213,1798,29,98.41,1,1796,31,98.3,3,1826,1,99.95,0,98.89,98.3,5420,4,QUALIFIED,AMARILLO 7ENE,35.2328,-101.7092,1094.2,TX
USC00415435,1796,31,98.3,0,1797,30,98.36,6,1806,21,98.85,0,98.5,98.3,5399,6,QUALIFIED,LUMBERTON,30.2503,-94.1783,13.1,TX
USW00012932,1796,31,98.3,2,1798,29,98.41,1,1803,24,98.69,0,98.47,98.3,5397,3,QUALIFIED,ALICE INTL AP,27.7414,-98.025,51.8,TX
USC00412173,1797,30,98.36,0,1796,31,98.3,0,1797,30,98.36,0,98.34,98.3,5390,0,QUALIFIED,CUERO,29.0892,-97.3433,65.2,TX
USC00415429,1796,31,98.3,0,1796,31,98.3,0,1797,30,98.36,1,98.32,98.3,5389,1,QUALIFIED,LULING,29.6756,-97.6578,121.9,TX
USC00417232,1796,31,98.3,2,1796,31,98.3,0,1797,30,98.36,0,98.32,98.3,5389,2,QUALIFIED,PRADE RCH,29.9167,-99.7908,625.4,TX
USW00003031,1812,15,99.18,0,1813,14,99.23,0,1795,32,98.25,0,98.89,98.25,5420,0,QUALIFIED,ODESSA SCHLEMEYER FLD,31.925,-102.3875,909.2,TX
USC00412082,1795,32,98.25,0,1795,32,98.25,1,1794,33,98.19,1,98.23,98.19,5384,2,QUALIFIED,CRANE,31.4072,-102.3578,778.5,TX
USC00416273,1795,32,98.25,0,1794,33,98.19,0,1794,33,98.19,0,98.21,98.19,5383,0,QUALIFIED,NEW BRAUNFELS WFO,29.7044,-98.0283,191.1,TX
USC00410436,1793,34,98.14,0,1794,33,98.19,0,1825,2,99.89,0,98.74,98.14,5412,0,QUALIFIED,AUSTWELL,28.3889,-96.8389,7.0,TX
USC00413340,1794,33,98.19,1,1793,34,98.14,3,1793,34,98.14,0,98.16,98.14,5380,4,QUALIFIED,FREEPORT 2 NW,28.9844,-95.3808,2.4,TX
USC00410176,1793,34,98.14,1,1793,34,98.14,0,1793,34,98.14,0,98.14,98.14,5379,1,QUALIFIED,ALPINE 7NW,30.3703,-103.7808,1500.2,TX
USC00418942,1793,34,98.14,0,1793,34,98.14,0,1792,35,98.08,0,98.12,98.08,5378,0,QUALIFIED,TEXARKANA,33.4367,-94.0772,118.9,TX
USC00414517,1791,36,98.03,0,1791,36,98.03,0,1823,4,99.78,0,98.61,98.03,5405,0,QUALIFIED,JACKSBORO,33.2064,-98.1689,329.5,TX
USC00416680,1792,35,98.08,0,1791,36,98.03,1,1799,28,98.47,0,98.19,98.03,5382,1,QUALIFIED,ORANGE 9 N,30.2267,-93.7389,7.0,TX
USC00418433,1798,29,98.41,2,1798,29,98.41,0,1790,37,97.97,0,98.27,97.97,5386,2,QUALIFIED,SNYDER,32.71,-100.9111,706.8,TX
USC00413265,1793,34,98.14,1,1792,35,98.08,1,1788,39,97.87,0,98.03,97.87,5373,2,QUALIFIED,FT GRIFFIN,32.9264,-99.2342,388.6,TX
USC00419163,1790,37,97.97,4,1788,39,97.87,2,1792,35,98.08,1,97.97,97.87,5370,7,QUALIFIED,TRUSCOTT 3 W,33.7569,-99.8619,478.8,TX
USW00003969,1825,2,99.89,1,1827,0,100.0,1,1784,43,97.65,0,99.18,97.65,5436,2,QUALIFIED,STEPHENVILLE CLARK FLD,32.2153,-98.1775,402.6,TX
USC00411596,1824,3,99.84,7,1784,43,97.65,13,1827,0,100.0,0,99.16,97.65,5435,20,QUALIFIED,CENTERVILLE,31.2581,-95.9744,97.5,TX
USC00410225,1784,43,97.65,0,1784,43,97.65,10,1786,41,97.76,0,97.68,97.65,5354,10,QUALIFIED,AMISTAD DAM,29.4608,-101.0286,352.7,TX
USW00012987,1801,26,98.58,0,1801,26,98.58,0,1783,44,97.59,0,98.25,97.59,5385,0,QUALIFIED,EDINBURG 17 NNE,26.5258,-98.0633,19.5,TX
USW00012972,1787,40,97.81,3,1783,44,97.59,4,1793,34,98.14,0,97.85,97.59,5363,7,QUALIFIED,ROCKPORT ARANSAS CO AP,28.0836,-97.0467,7.3,TX
USC00415341,1782,45,97.54,1,1817,10,99.45,0,1823,4,99.78,0,98.92,97.54,5422,1,QUALIFIED,LONGVIEW,32.4725,-94.7172,100.6,TX
USC00414577,1782,45,97.54,2,1781,46,97.48,1,1819,8,99.56,0,98.19,97.48,5382,3,QUALIFIED,JEFFERSON,32.7692,-94.3592,64.3,TX
USW00023040,1781,46,97.48,0,1782,45,97.54,1,1808,19,98.96,0,97.99,97.48,5371,1,QUALIFIED,WINK FAA AP,31.78,-103.2017,858.3,TX
USC00417743,1781,46,97.48,2,1781,46,97.48,0,1781,46,97.48,0,97.48,97.48,5343,2,QUALIFIED,ROSCOE,32.4481,-100.5264,725.4,TX
USC00412446,1780,47,97.43,3,1780,47,97.43,1,1789,38,97.92,0,97.59,97.43,5349,4,QUALIFIED,DIANA 2 W,32.7056,-94.7889,86.6,TX
USW00053964,1810,17,99.07,1,1809,18,99.01,0,1779,48,97.37,0,98.49,97.37,5398,1,QUALIFIED,DECATUR MUNI AP,33.2544,-97.5806,319.1,TX
USC00412809,1807,20,98.91,2,1807,20,98.91,0,1779,48,97.37,0,98.39,97.37,5393,2,QUALIFIED,ELDORADO,30.8694,-100.5994,743.7,TX
USC00415618,1784,43,97.65,0,1784,43,97.65,2,1779,48,97.37,0,97.56,97.37,5347,2,QUALIFIED,MARSHALL,32.4892,-94.3289,92.0,TX
USW00053942,1818,9,99.51,0,1817,10,99.45,3,1778,49,97.32,0,98.76,97.32,5413,3,QUALIFIED,GEORGETOWN MUNI AP,30.6792,-97.6794,239.9,TX
USC00410404,1778,49,97.32,0,1778,49,97.32,6,1806,21,98.85,0,97.83,97.32,5362,6,QUALIFIED,ATHENS,32.1633,-95.83,136.6,TX
USC00410013,1807,20,98.91,2,1806,21,98.85,2,1774,53,97.1,0,98.28,97.1,5387,4,QUALIFIED,ABILENE 6ESE,32.4317,-99.6325,549.2,TX
USC00416104,1774,53,97.1,0,1797,30,98.36,0,1814,13,99.29,0,98.25,97.1,5385,0,QUALIFIED,MT LOCKE,30.6711,-104.0231,2069.6,TX
USW00012957,1774,53,97.1,2,1776,51,97.21,2,1792,35,98.08,0,97.46,97.1,5342,4,QUALIFIED,PORT ISABEL CAMERON CO AP,26.1597,-97.3378,5.2,TX
USW00053952,1798,29,98.41,1,1797,30,98.36,1,1773,54,97.04,0,97.94,97.04,5368,2,QUALIFIED,WACO MCGREGOR EXEC AP,31.4847,-97.3164,180.4,TX
USW00012979,1791,36,98.03,9,1798,29,98.41,10,1771,56,96.93,0,97.79,96.93,5360,19,QUALIFIED,SAN MARCOS MUNI AP,29.8908,-97.8644,182.0,TX
USW00012909,1811,16,99.12,2,1814,13,99.29,2,1768,59,96.77,0,98.39,96.77,5393,4,QUALIFIED,SAN ANTONIO KELLY AFB,29.3833,-98.5833,207.9,TX
USW00000448,1809,18,99.01,0,1809,18,99.01,0,1767,60,96.72,0,98.25,96.72,5385,0,QUALIFIED,RALPH M HALL ROCKWALL MUNI AP,32.9306,-96.4356,175.3,TX
USC00417994,1767,60,96.72,1,1773,54,97.04,0,1808,19,98.96,0,97.57,96.72,5348,1,QUALIFIED,SAN SABA 7NW,31.2842,-98.7589,405.4,TX
USC00414976,1768,59,96.77,1,1767,60,96.72,1,1795,32,98.25,0,97.25,96.72,5330,2,QUALIFIED,LAKE FK RSVR,32.8228,-95.5278,127.1,TX
USW00012911,1805,22,98.8,1,1808,19,98.96,0,1765,62,96.61,0,98.12,96.61,5378,1,QUALIFIED,RANDOLPH AFB,29.5325,-98.2622,221.9,TX
USC00411500,1765,62,96.61,0,1765,62,96.61,0,1768,59,96.77,0,96.66,96.61,5298,0,QUALIFIED,CARTHAGE,32.1614,-94.3397,93.0,TX
USW00000209,1817,10,99.45,1,1817,10,99.45,1,1763,64,96.5,0,98.47,96.5,5397,2,QUALIFIED,BOWIE MUNI AP,33.6,-97.7831,336.2,TX
USC00411250,1763,64,96.5,1,1763,64,96.5,0,1763,64,96.5,0,96.5,96.5,5289,1,QUALIFIED,BURNET,30.7586,-98.2339,391.7,TX
USC00411246,1761,66,96.39,1,1761,66,96.39,1,1764,63,96.55,0,96.44,96.39,5286,2,QUALIFIED,BURLESON,32.5067,-97.3444,232.3,TX
USC00410902,1760,67,96.33,0,1760,67,96.33,0,1760,67,96.33,0,96.33,96.33,5280,0,QUALIFIED,BOERNE,29.7986,-98.7353,440.4,TX
USW00000362,1794,33,98.19,5,1794,33,98.19,5,1758,69,96.22,0,97.54,96.22,5346,10,QUALIFIED,GATESVILLE MUNI AP,31.4169,-97.8,276.1,TX
USW00063904,1799,28,98.47,1,1799,28,98.47,1,1757,70,96.17,0,97.7,96.17,5355,2,QUALIFIED,TAYLOR MUNI AP,30.5725,-97.4431,182.9,TX
USW00022001,1798,29,98.41,2,1799,28,98.47,2,1756,71,96.11,0,97.66,96.11,5353,4,QUALIFIED,DEL RIO LAUGHLIN AFB,29.3667,-100.7833,329.8,TX
USC00415954,1761,66,96.39,0,1755,72,96.06,3,1758,69,96.22,0,96.22,96.06,5274,3,QUALIFIED,MINEOLA,32.635,-95.4822,111.9,TX
USW00000351,1757,70,96.17,2,1758,69,96.22,2,1754,73,96.0,0,96.13,96.0,5269,4,QUALIFIED,CAMERON MUNI AP,30.8789,-96.9711,123.1,TX
USW00053979,1753,74,95.95,3,1756,71,96.11,1,1755,72,96.06,0,96.04,95.95,5264,4,QUALIFIED,GIDDINGS LEE CO AP,30.1692,-96.98,147.8,TX
USC00410923,1753,74,95.95,0,1752,75,95.89,0,1768,59,96.77,0,96.21,95.89,5273,0,QUALIFIED,BONHAM 3NNE,33.64,-96.1669,182.3,TX
USW00000263,1819,8,99.56,4,1821,6,99.67,5,1751,76,95.84,0,98.36,95.84,5391,9,QUALIFIED,BOERNE STAGE FIELD AP,29.7239,-98.695,422.1,TX
USC00412266,1790,37,97.97,0,1749,78,95.73,0,1795,32,98.25,0,97.32,95.73,5334,0,QUALIFIED,DANEVANG 1 W,29.0661,-96.2583,20.4,TX
USW00000130,1785,42,97.7,4,1785,42,97.7,1,1748,79,95.68,0,97.03,95.68,5318,5,QUALIFIED,PLEASANTON MUNI AP,28.95,-98.5169,131.1,TX
USW00000477,1767,60,96.72,0,1767,60,96.72,1,1748,79,95.68,0,96.37,95.68,5282,1,QUALIFIED,ROGER M DREYER MEM AP,29.5292,-97.4642,108.2,TX
USC00419499,1759,68,96.28,0,1757,70,96.17,0,1748,79,95.68,0,96.04,95.68,5264,0,QUALIFIED,WATER VALLEY,31.6725,-100.7283,644.7,TX
USW00093955,1748,79,95.68,0,1748,79,95.68,0,1762,65,96.44,0,95.93,95.68,5258,0,QUALIFIED,PARIS,33.6333,-95.45,166.7,TX
USC00411974,1746,81,95.57,0,1753,74,95.95,0,1751,76,95.84,0,95.79,95.57,5250,0,QUALIFIED,COPE RCH,31.5333,-101.2842,755.9,TX
USW00003032,1778,49,97.32,0,1779,48,97.37,1,1745,82,95.51,0,96.73,95.51,5302,1,QUALIFIED,DRYDEN TERRELL CO AP,30.0481,-102.2128,701.0,TX
USC00411486,1764,63,96.55,0,1764,63,96.55,0,1745,82,95.51,0,96.21,95.51,5273,0,QUALIFIED,CARRIZO SPRINGS 3S,28.4894,-99.8733,186.8,TX
USW00053967,1818,9,99.51,3,1820,7,99.62,5,1744,83,95.46,0,98.19,95.46,5382,8,QUALIFIED,GRAYSON CO AP,33.7142,-96.6736,228.3,TX
USW00000166,1756,71,96.11,8,1760,67,96.33,4,1741,86,95.29,0,95.91,95.29,5257,12,QUALIFIED,LAGO VISTA RUSTY ALLEN AP,30.5,-97.9669,375.2,TX
USW00053976,1780,47,97.43,1,1780,47,97.43,1,1739,88,95.18,0,96.68,95.18,5299,2,QUALIFIED,BRIDGEPORT MUNI AP,33.1753,-97.8283,259.4,TX
USW00093983,1776,51,97.21,4,1775,52,97.15,5,1736,91,95.02,0,96.46,95.02,5287,9,QUALIFIED,PALESTINE MUNI AP,31.7797,-95.7064,128.9,TX
USC00410408,1734,93,94.91,0,1734,93,94.91,0,1816,11,99.4,0,96.41,94.91,5284,0,QUALIFIED,ATLANTA,33.1244,-94.1661,96.0,TX
USC00410268,1750,77,95.79,1,1750,77,95.79,2,1734,93,94.91,0,95.49,94.91,5234,3,QUALIFIED,ANSON,32.7667,-99.89,523.3,TX
USW00053983,1795,32,98.25,4,1796,31,98.3,4,1733,94,94.85,0,97.14,94.85,5324,8,QUALIFIED,LLANO MUNI AP,30.7836,-98.6619,335.9,TX
USW00013926,1796,31,98.3,1,1796,31,98.3,1,1731,96,94.75,150,97.12,94.75,5323,152,QUALIFIED,GREENVILLE MUNI AP MAJORS FLD,33.0678,-96.0653,163.1,TX
USW00012985,1798,29,98.41,2,1806,21,98.85,2,1730,97,94.69,0,97.32,94.69,5334,4,QUALIFIED,GARNER FLD AP,29.2114,-99.7436,287.1,TX
USC00411671,1796,31,98.3,0,1797,30,98.36,0,1726,101,94.47,0,97.04,94.47,5319,0,QUALIFIED,CHEAPSIDE,29.3092,-97.4061,111.3,TX
USC00413133,1726,101,94.47,1,1726,101,94.47,0,1739,88,95.18,0,94.71,94.47,5191,1,QUALIFIED,FERRIS,32.5339,-96.6608,143.3,TX
USC00417388,1727,100,94.53,0,1725,102,94.42,0,1827,0,100.0,0,96.31,94.42,5279,0,QUALIFIED,RAINBOW,32.2619,-97.7064,197.5,TX
USC00413289,1723,104,94.31,1,1723,104,94.31,1,1769,58,96.83,0,95.15,94.31,5215,2,QUALIFIED,FT WORTH NATURE CTR,32.8472,-97.4761,187.5,TX
USW00000230,1716,111,93.92,3,1715,112,93.87,2,1755,72,96.06,0,94.62,93.87,5186,5,QUALIFIED,AUSTIN EXECUTIVE AP,30.395,-97.5669,188.1,TX
USC00414792,1753,74,95.95,0,1754,73,96.0,0,1712,115,93.71,0,95.22,93.71,5219,0,QUALIFIED,KILLEEN,31.0658,-97.6919,248.4,TX
USC00417706,1711,116,93.65,3,1711,116,93.65,4,1736,91,95.02,0,94.11,93.65,5158,7,QUALIFIED,ROCKSPRINGS,30.0239,-100.2119,726.0,TX
USC00419295,1715,112,93.87,0,1715,112,93.87,0,1711,116,93.65,0,93.8,93.65,5141,0,QUALIFIED,VAN HORN,31.0417,-104.8372,1239.0,TX
USC00417983,1708,119,93.49,1,1708,119,93.49,0,1704,123,93.27,0,93.41,93.27,5120,1,QUALIFIED,SAN MARCOS,29.8833,-97.9494,202.7,TX
USW00003054,1820,7,99.62,0,1820,7,99.62,3,1701,126,93.1,0,97.45,93.1,5341,3,QUALIFIED,MULESHOE 19 S,33.9558,-102.7739,1140.6,TX
USW00053972,1767,60,96.72,0,1765,62,96.61,1,1701,126,93.1,0,95.48,93.1,5233,1,QUALIFIED,HILLSBORO MUNI AP,32.0836,-97.0972,208.8,TX
USW00012978,1700,127,93.05,1,1700,127,93.05,0,1767,60,96.72,0,94.27,93.05,5167,1,QUALIFIED,FAYETTE RGNL AP,29.9078,-96.95,98.8,TX
USC00417936,1703,124,93.21,1,1700,127,93.05,2,1707,120,93.43,0,93.23,93.05,5110,3,QUALIFIED,SAM RAYBURN DAM,31.0619,-94.1011,57.6,TX
USC00419367,1706,121,93.38,0,1699,128,92.99,0,1818,9,99.51,0,95.29,92.99,5223,0,QUALIFIED,VICTORIA RGNL AP,28.8439,-96.9214,31.7,TX
USC00410639,1705,122,93.32,0,1699,128,92.99,0,1761,66,96.39,0,94.23,92.99,5165,0,QUALIFIED,BEEVILLE 5 NE,28.4575,-97.7061,77.7,TX
USW00053973,1700,127,93.05,1,1699,128,92.99,1,1761,66,96.39,0,94.14,92.99,5160,2,QUALIFIED,HEARNE MUNI AP,30.8719,-96.6222,86.9,TX
USC00416794,1697,130,92.88,0,1697,130,92.88,1,1810,17,99.07,0,94.95,92.88,5204,1,QUALIFIED,PARIS,33.6744,-95.5586,165.2,TX
USC00413954,1721,106,94.2,0,1721,106,94.2,1,1689,138,92.45,1,93.61,92.45,5131,2,QUALIFIED,HARPER 3ENE,30.3086,-99.203,643.1,TX
USW00053966,1728,99,94.58,2,1733,94,94.85,1,1683,144,92.12,0,93.85,92.12,5144,3,QUALIFIED,MID WAY RGNL AP,32.4561,-96.9125,228.3,TX
USW00053997,1694,133,92.72,4,1690,137,92.5,2,1681,146,92.01,0,92.41,92.01,5065,6,QUALIFIED,COMANCHE CO CITY AP,31.9167,-98.6003,423.1,TX
USC00417176,1684,143,92.17,1,1680,147,91.95,0,1815,12,99.34,0,94.49,91.95,5179,1,QUALIFIED,PORT ARANSAS 11 SSW,27.6997,-97.1581,1.8,TX
USC00419916,1686,141,92.28,0,1680,147,91.95,0,1692,135,92.61,0,92.28,91.95,5058,0,QUALIFIED,WRIGHT PATMAN DM & LK,33.3039,-94.1583,86.0,TX
USC00413877,1678,149,91.84,0,1681,146,92.01,2,1799,28,98.47,0,94.11,91.84,5158,2,QUALIFIED,HALLSVILLE 4 S,32.4478,-94.5956,98.1,TX
USW00053977,1688,139,92.39,4,1690,137,92.5,5,1677,150,91.79,0,92.23,91.79,5055,9,QUALIFIED,GRANBURY MUNI AP,32.4444,-97.8169,237.1,TX
USC00413329,1674,153,91.63,2,1674,153,91.63,0,1737,90,95.07,0,92.78,91.63,5085,2,QUALIFIED,FREDERICKSBURG,30.2392,-98.9089,513.6,TX
USC00414525,1667,160,91.24,1,1665,162,91.13,2,1664,163,91.08,0,91.15,91.08,4996,3,QUALIFIED,JACKSONVILLE,31.9622,-95.2736,170.7,TX
USW00012928,1694,133,92.72,2,1694,133,92.72,7,1663,164,91.02,0,92.15,91.02,5051,9,QUALIFIED,KINGSVILLE NAAS,27.5089,-97.8042,13.4,TX
USC00410569,1660,167,90.86,1,1659,168,90.8,0,1705,122,93.32,0,91.66,90.8,5024,1,QUALIFIED,BAY CITY WTR WKS,28.9797,-95.975,15.8,TX
USW00000225,1723,104,94.31,2,1726,101,94.47,3,1654,173,90.53,0,93.1,90.53,5103,5,QUALIFIED,HORSESHOE BAY RESORT AP,30.5331,-98.3669,333.1,TX
USC00411048,1682,145,92.06,0,1682,145,92.06,0,1654,173,90.53,0,91.55,90.53,5018,0,QUALIFIED,BRENHAM,30.1592,-96.3972,95.4,TX
USC00416119,1654,173,90.53,0,1654,173,90.53,0,1672,155,91.52,0,90.86,90.53,4980,0,QUALIFIED,MT VERNON,33.1964,-95.2236,136.2,TX
USW00093904,1653,174,90.48,0,1653,174,90.48,1,1775,52,97.15,0,92.7,90.48,5081,1,QUALIFIED,FT WORTH MEACHAM FLD NAAF,32.8167,-97.35,214.9,TX
USW00093947,1730,97,94.69,4,1730,97,94.69,4,1652,175,90.42,0,93.27,90.42,5112,8,QUALIFIED,FREDERICKSBURG GILLESPIE CO AP,30.2433,-98.9097,516.6,TX
USC00419532,1649,178,90.26,0,1649,178,90.26,3,1722,105,94.25,0,91.59,90.26,5020,3,QUALIFIED,WEATHERFORD,32.7478,-97.7703,293.2,TX
USC00417111,1679,148,91.9,2,1646,181,90.09,3,1677,150,91.79,0,91.26,90.09,5002,5,QUALIFIED,PLEASANTON,28.9606,-98.4772,109.1,TX
USC00419649,1673,154,91.57,0,1646,181,90.09,0,1669,158,91.35,0,91.01,90.09,4988,0,QUALIFIED,WFO BROWNSVILLE,25.9161,-97.4194,4.6,TX
USW00053948,1641,186,89.82,2,1641,186,89.82,2,1752,75,95.89,0,91.84,89.82,5034,4,QUALIFIED,NACOGDOCHES MANGHAM AP,31.5778,-94.7094,108.2,TX
USC00410586,1659,168,90.8,4,1637,190,89.6,6,1778,49,97.32,0,92.57,89.6,5074,10,QUALIFIED,BAYTOWN,29.9142,-94.9908,7.9,TX
USW00053981,1683,144,92.12,3,1682,145,92.06,5,1635,192,89.49,0,91.22,89.49,5000,8,QUALIFIED,CLEBURNE MUNI AP,32.3539,-97.4339,260.3,TX
USC00416747,1636,191,89.55,4,1634,193,89.44,1,1721,106,94.2,0,91.06,89.44,4991,5,QUALIFIED,PAINT ROCK,31.5064,-99.9305,504.1,TX
USW00003951,1633,194,89.38,1,1634,193,89.44,1,1669,158,91.35,0,90.06,89.38,4936,2,QUALIFIED,LONGVIEW WSMO,32.35,-94.65,124.1,TX
USC00416368,1636,191,89.55,0,1624,203,88.89,13,1729,98,94.64,0,91.02,88.89,4989,13,QUALIFIED,NIXON,29.2828,-97.7675,103.6,TX
USC00416177,1629,198,89.16,0,1629,198,89.16,0,1624,203,88.89,0,89.07,88.89,4882,0,QUALIFIED,NACOGDOCHES,31.6164,-94.6431,132.6,TX
USW00013911,1624,203,88.89,14,1623,204,88.83,3,1623,204,88.83,0,88.85,88.83,4870,17,QUALIFIED,FT WORTH NAS,32.7667,-97.45,185.3,TX
USC00412013,1619,208,88.62,2,1619,208,88.62,0,1619,208,88.62,0,88.62,88.62,4857,2,QUALIFIED,C C BOTANICAL GARDENS,27.6606,-97.3983,4.9,TX
USC00413675,1614,213,88.34,2,1614,213,88.34,4,1647,180,90.15,0,88.94,88.34,4875,6,QUALIFIED,GRANBURY 5N,32.5217,-97.8069,237.4,TX
USC00411430,1685,142,92.23,7,1606,221,87.9,0,1706,121,93.38,0,91.17,87.9,4997,7,QUALIFIED,CANYON,34.9806,-101.9264,1094.2,TX
USC00417140,1609,218,88.07,0,1605,222,87.85,3,1819,8,99.56,0,91.83,87.85,5033,3,QUALIFIED,PT COMFORT,28.6575,-96.5553,6.1,TX
USC00414081,1616,211,88.45,0,1615,212,88.4,0,1605,222,87.85,0,88.23,87.85,4836,0,QUALIFIED,HENDERSON,32.1828,-94.7967,140.5,TX
USC00415272,1606,221,87.9,0,1593,234,87.19,0,1609,218,88.07,0,87.72,87.19,4808,0,QUALIFIED,LLANO,30.7425,-98.6542,310.9,TX
USC00411968,1591,236,87.08,1,1591,236,87.08,0,1635,192,89.49,1,87.89,87.08,4817,2,QUALIFIED,COOPER DAM,33.3192,-95.6039,141.1,TX
USC00419559,1618,209,88.56,10,1588,239,86.92,5,1709,118,93.54,0,89.67,86.92,4915,15,QUALIFIED,WELDER WILDLIFE FOUNDATION,28.1136,-97.4178,15.2,TX
USW00093929,1618,209,88.56,0,1618,209,88.56,1,1585,242,86.75,0,87.96,86.75,4821,1,QUALIFIED,GAINESVILLE MUNI AP,33.6514,-97.1969,255.7,TX
USC00411042,1627,200,89.05,3,1574,253,86.15,11,1827,0,100.0,0,91.74,86.15,5028,14,QUALIFIED,BRECKENRIDGE,32.75,-98.9017,356.6,TX
USC00414950,1568,259,85.82,0,1568,259,85.82,0,1653,174,90.48,3,87.37,85.82,4789,3,QUALIFIED,LAJITAS,29.2694,-103.7575,732.4,TX
USC00413262,1564,263,85.6,0,1564,263,85.6,0,1564,263,85.6,0,85.6,85.6,4692,0,QUALIFIED,FT DAVIS,30.5997,-103.8869,1482.5,TX
USC00414375,1551,276,84.89,0,1551,276,84.89,1,1576,251,86.26,0,85.35,84.89,4678,1,QUALIFIED,HUNT 10 W,30.0631,-99.505,612.6,TX
USW00053965,1561,266,85.44,4,1562,265,85.5,4,1541,286,84.35,0,85.09,84.35,4664,8,QUALIFIED,GRAHAM MUNI AP,33.11,-98.5553,342.3,TX
USC00415742,1534,293,83.96,1,1534,293,83.96,0,1563,264,85.55,6,84.49,83.96,4631,7,QUALIFIED,MEDINA 1NE,29.81,-99.2497,521.8,TX
USC00411138,1526,301,83.52,1,1526,301,83.52,0,1546,281,84.62,0,83.89,83.52,4598,1,QUALIFIED,BROWNWOOD 2NE,31.7228,-99.0142,472.7,TX
USC00415344,1531,296,83.8,2,1531,296,83.8,0,1519,308,83.14,0,83.58,83.14,4581,2,QUALIFIED,LONGVIEW #2,32.5183,-94.7189,153.6,TX
USC00413943,1514,313,82.87,1,1525,302,83.47,0,1523,304,83.36,0,83.23,82.87,4562,1,QUALIFIED,HARLINGEN,26.2028,-97.6728,11.6,TX
USC00415477,1620,207,88.67,1,1620,207,88.67,0,1502,325,82.21,0,86.52,82.21,4742,1,QUALIFIED,MADISONVILLE,30.9392,-95.9203,76.8,TX
USW00012981,1768,59,96.77,6,1768,59,96.77,6,1501,326,82.16,0,91.9,82.16,5037,12,QUALIFIED,BAY CITY MUNI AP,28.9731,-95.8633,13.7,TX
USC00411800,1500,327,82.1,4,1500,327,82.1,1,1682,145,92.06,0,85.42,82.1,4682,5,QUALIFIED,CLEBURNE,32.3139,-97.4061,238.7,TX
USC00412084,1497,330,81.94,2,1495,332,81.83,0,1519,308,83.14,0,82.3,81.83,4511,2,QUALIFIED,CRANE 10N,31.6728,-102.4133,892.1,TX
USC00413411,1533,294,83.91,0,1514,313,82.87,0,1490,337,81.55,0,82.78,81.55,4537,0,QUALIFIED,GAIL,32.7744,-101.4539,771.1,TX
USW00012953,1726,101,94.47,10,1710,117,93.6,12,1481,346,81.06,0,89.71,81.06,4917,22,QUALIFIED,WHARTON RGNL AP,29.2661,-96.0075,30.5,TX
USC00415721,1502,325,82.21,1,1476,351,80.79,0,1540,287,84.29,0,82.43,80.79,4518,1,QUALIFIED,MCCOOK,26.565,-98.1236,67.1,TX
USC00415707,1471,356,80.51,1,1469,358,80.41,2,1470,357,80.46,0,80.46,80.41,4410,3,QUALIFIED,MCCAMEY,31.1331,-102.2217,750.1,TX
USC00414098,1469,358,80.41,2,1465,362,80.19,1,1504,323,82.32,0,80.97,80.19,4438,3,QUALIFIED,HEREFORD,34.8172,-102.4003,1164.3,TX
USW00053928,1767,60,96.72,0,1767,60,96.72,0,1456,371,79.69,0,91.04,79.69,4990,0,LOW_COMPLETENESS,BRENHAM MUNI AP,30.2189,-96.3742,93.9,TX
USC00413507,1441,386,78.87,1,1440,387,78.82,2,1433,394,78.43,0,78.71,78.43,4314,3,LOW_COMPLETENESS,GEORGETOWN LAKE,30.6764,-97.7208,266.4,TX
USC00417179,1455,372,79.64,0,1450,377,79.37,1,1429,398,78.22,0,79.07,78.22,4334,1,LOW_COMPLETENESS,PORT ISABEL,26.095,-97.3069,3.7,TX
USC00417622,1426,401,78.05,0,1425,402,78.0,0,1416,411,77.5,0,77.85,77.5,4267,0,LOW_COMPLETENESS,RIO GRANDE CITY,26.3769,-98.8117,52.4,TX
USC00415861,1446,381,79.15,0,1446,381,79.15,0,1411,416,77.23,1,78.51,77.23,4303,1,LOW_COMPLETENESS,MERTZON 12NNW,31.4364,-100.8781,672.1,TX
USC00412758,1409,418,77.12,1,1416,411,77.5,0,1416,411,77.5,0,77.38,77.12,4241,1,LOW_COMPLETENESS,EDINBURG,26.2981,-98.1575,29.3,TX
USC00415701,1420,407,77.72,0,1401,426,76.68,0,1417,410,77.56,0,77.32,76.68,4238,0,LOW_COMPLETENESS,MCALLEN,26.1922,-98.2503,33.5,TX
USC00415650,1783,44,97.59,1,1779,48,97.37,1,1387,440,75.92,0,90.29,75.92,4949,2,LOW_COMPLETENESS,MASON,30.7478,-99.2306,466.6,TX
USC00417981,1415,412,77.45,0,1384,443,75.75,0,1395,432,76.35,0,76.52,75.75,4194,0,LOW_COMPLETENESS,SAN MANUEL,26.565,-98.1189,22.9,TX
USC00416210,1381,446,75.59,0,1382,445,75.64,2,1491,336,81.61,0,77.61,75.59,4254,2,LOW_COMPLETENESS,NAVARRO MILLS DAM,31.9611,-96.6881,138.4,TX
USC00419847,1378,449,75.42,0,1383,444,75.7,1,1383,444,75.7,0,75.61,75.42,4144,1,LOW_COMPLETENESS,WINGATE,32.0444,-100.1078,613.3,TX
USC00410345,1403,424,76.79,1,1377,450,75.37,0,1439,388,78.76,0,76.98,75.37,4219,1,LOW_COMPLETENESS,ARMSTRONG 4SE,26.8339,-97.7078,7.6,TX
USW00000177,1371,456,75.04,5,1373,454,75.15,5,1547,280,84.67,0,78.29,75.04,4291,10,LOW_COMPLETENESS,CASTROVILLE MUNI AIRPORT,29.85,-98.85,235.0,TX
USC00412676,1371,456,75.04,0,1370,457,74.99,0,1384,443,75.75,0,75.26,74.99,4125,0,LOW_COMPLETENESS,EAGLE LAKE RESCH CTR,29.6211,-96.3661,53.6,TX
USC00411875,1473,354,80.62,1,1476,351,80.79,1,1363,464,74.6,0,78.67,74.6,4312,2,LOW_COMPLETENESS,COLEMAN,31.8281,-99.4178,514.2,TX
USC00419952,1347,480,73.73,0,1345,482,73.62,0,1347,480,73.73,0,73.69,73.62,4039,0,LOW_COMPLETENESS,YOAKUM,29.2739,-97.1556,89.9,TX
USC00417184,1339,488,73.29,0,1337,490,73.18,1,1800,27,98.52,115,81.66,73.18,4476,116,LOW_COMPLETENESS,PORT MANSFIELD,26.5533,-97.4278,1.8,TX
USC00410655,1332,495,72.91,0,1350,477,73.89,0,1472,355,80.57,0,75.79,72.91,4154,0,LOW_COMPLETENESS,BELLVILLE 6NNE,30.0317,-96.2167,85.3,TX
USW00000270,1326,501,72.58,4,1326,501,72.58,4,1438,389,78.71,0,74.62,72.58,4090,8,LOW_COMPLETENESS,FAITH RCH AP,28.2089,-100.0189,236.2,TX
USC00416502,1305,522,71.43,0,1305,522,71.43,2,1305,522,71.43,0,71.43,71.43,3915,2,LOW_COMPLETENESS,ODESSA,31.8797,-102.3592,887.0,TX
USW00093914,1303,524,71.32,1,1307,520,71.54,2,1334,493,73.02,0,71.96,71.32,3944,3,LOW_COMPLETENESS,PALESTINE 2 NE,31.7831,-95.6039,141.7,TX
USW00023906,1692,135,92.61,0,1692,135,92.61,0,1287,540,70.44,2,85.22,70.44,4671,2,LOW_COMPLETENESS,PORT ARANSAS 32 NNE,28.3044,-96.8231,4.6,TX
USC00418201,1247,580,68.25,2,1246,581,68.2,4,1248,579,68.31,0,68.25,68.2,3741,6,LOW_COMPLETENESS,SEMINOLE,32.7131,-102.6597,1016.8,TX
USC00411429,1669,158,91.35,1,1664,163,91.08,0,1243,584,68.04,1,83.49,68.04,4576,2,LOW_COMPLETENESS,CANYON DAM,29.8608,-98.1958,304.8,TX
USC00417458,1277,550,69.9,0,1276,551,69.84,0,1231,596,67.38,0,69.04,67.38,3784,0,LOW_COMPLETENESS,RAYMONDVILLE,26.4644,-97.7847,9.4,TX
USC00417215,1211,616,66.28,2,1212,615,66.34,50,1233,594,67.49,0,66.7,66.28,3656,52,LOW_COMPLETENESS,POTEET,29.0281,-98.5686,129.5,TX
USC00418924,1202,625,65.79,6,1203,624,65.85,2,1223,604,66.94,0,66.19,65.79,3628,8,LOW_COMPLETENESS,TERLINGUA,29.3486,-103.595,802.5,TX
USC00410011,1202,625,65.79,0,1200,627,65.68,0,1337,490,73.18,0,68.22,65.68,3739,0,LOW_COMPLETENESS,DALHART 2SE,36.0542,-102.5028,1211.9,TX
USC00415247,1198,629,65.57,1,1198,629,65.57,0,1202,625,65.79,0,65.64,65.57,3598,1,LOW_COMPLETENESS,LIPSCOMB,36.2361,-100.2708,728.5,TX
USC00414605,1179,648,64.53,1,1179,648,64.53,2,1185,642,64.86,1,64.64,64.53,3543,4,LOW_COMPLETENESS,JOHNSON CITY 2N,30.3,-98.4094,346.6,TX
USW00023055,1176,651,64.37,0,1174,653,64.26,0,1228,599,67.21,0,65.28,64.26,3578,0,LOW_COMPLETENESS,PINE SPGS GUADALUPE MOUNTAINS,31.8328,-104.8089,1655.1,TX
USC00419588,1259,568,68.91,1,1263,564,69.13,0,1169,658,63.98,0,67.34,63.98,3691,1,LOW_COMPLETENESS,WESLACO,26.1781,-97.9708,22.9,TX
USC00418446,1359,468,74.38,2,1359,468,74.38,0,1167,660,63.88,0,70.88,63.88,3885,2,LOW_COMPLETENESS,SOMERVILLE DAM,30.3367,-96.5403,80.2,TX
USC00418059,1167,660,63.88,0,1168,659,63.93,0,1178,649,64.48,0,64.09,63.88,3513,0,LOW_COMPLETENESS,SANTA ROSA 3 WNW,26.2656,-97.8714,15.2,TX
USC00414633,1158,669,63.38,0,1158,669,63.38,0,1158,669,63.38,0,63.38,63.38,3474,0,LOW_COMPLETENESS,JONESVILLE,32.4981,-94.1103,79.2,TX
USC00419016,1095,732,59.93,2,1093,734,59.82,1,1090,737,59.66,0,59.81,59.66,3278,3,LOW_COMPLETENESS,THROCKMORTON 10N,33.3144,-99.2006,425.5,TX
USC00412334,1065,762,58.29,8,1065,762,58.29,2,1065,762,58.29,0,58.29,58.29,3195,10,LOW_COMPLETENESS,DECATUR,33.2219,-97.5872,317.0,TX
USC00410691,1179,648,64.53,2,1057,770,57.85,28,1608,219,88.01,0,70.13,57.85,3844,30,LOW_COMPLETENESS,BENBROOK DAM,32.6475,-97.4439,240.8,TX
USC00413622,1053,774,57.64,1,1054,773,57.69,1,1055,772,57.74,0,57.69,57.64,3162,2,LOW_COMPLETENESS,GONZALES 2S,29.4744,-97.4481,90.2,TX
USC00411911,1046,781,57.25,10,1046,781,57.25,2,1797,30,98.36,0,70.95,57.25,3889,12,LOW_COMPLETENESS,COLUMBUS,29.6989,-96.5731,68.6,TX
USC00416740,1016,811,55.61,0,1016,811,55.61,0,1018,809,55.72,0,55.65,55.61,3050,0,LOW_COMPLETENESS,PADUCAH 7E,34.0231,-100.1842,527.3,TX
USC00412617,1003,824,54.9,0,1003,824,54.9,1,1035,792,56.65,0,55.48,54.9,3041,1,LOW_COMPLETENESS,DUMAS,35.8731,-101.9725,1114.0,TX
USW00003902,976,851,53.42,1,976,851,53.42,1,1249,578,68.36,0,58.4,53.42,3201,2,LOW_COMPLETENESS,ROBERT GRAY AAF,31.0667,-97.8333,309.4,TX
USW00053970,974,853,53.31,0,974,853,53.31,0,1273,554,69.68,0,58.77,53.31,3221,0,LOW_COMPLETENESS,MESQUITE METRO AP,32.7469,-96.5306,136.2,TX
USW00053984,972,855,53.2,0,972,855,53.2,0,1288,539,70.5,0,58.97,53.2,3232,0,LOW_COMPLETENESS,GRAND PRAIRIE MUNI AP,32.6986,-97.0467,179.5,TX
USC00410058,973,854,53.26,0,972,855,53.2,0,1281,546,70.11,0,58.86,53.2,3226,0,LOW_COMPLETENESS,ADDISON AIRPORT,32.9678,-96.8372,196.0,TX
USW00003933,971,856,53.15,0,973,854,53.26,1,1218,609,66.67,0,57.69,53.15,3162,1,LOW_COMPLETENESS,FT HOOD,31.1333,-97.7167,281.6,TX
USW00003985,970,857,53.09,0,971,856,53.15,0,1285,542,70.33,0,58.86,53.09,3226,0,LOW_COMPLETENESS,FORT WORTH SPINKS AP,32.565,-97.3081,213.4,TX
USW00093937,960,867,52.55,4,960,867,52.55,4,1248,579,68.31,0,57.8,52.55,3168,8,LOW_COMPLETENESS,SULPHUR SPRINGS MUNI AP,33.1667,-95.6167,149.0,TX
USW00000357,945,882,51.72,0,951,876,52.05,0,1265,562,69.24,0,57.67,51.72,3161,0,LOW_COMPLETENESS,HAMILTON MUNI AP,31.6661,-98.1489,396.2,TX
USW00000461,938,889,51.34,0,938,889,51.34,0,1214,613,66.45,0,56.38,51.34,3090,0,LOW_COMPLETENESS,MEXIA LIMESTONE COUNTY AP,31.6411,-96.5144,166.1,TX
USW00000176,937,890,51.29,0,936,891,51.23,2,1228,599,67.21,0,56.58,51.23,3101,2,LOW_COMPLETENESS,STEPHENS COUNTY AP,32.7169,-98.8919,391.1,TX
USW00053975,933,894,51.07,2,937,890,51.29,0,1224,603,67.0,0,56.45,51.07,3094,2,LOW_COMPLETENESS,LANCASTER AP,32.5792,-96.7192,152.7,TX
USC00413734,932,895,51.01,1,932,895,51.01,0,943,884,51.61,1,51.21,51.01,2807,2,LOW_COMPLETENESS,GREENVILLE KGVL RADIO,33.1678,-96.0983,166.1,TX
USW00012926,913,914,49.97,0,913,914,49.97,0,1099,728,60.15,0,53.37,49.97,2925,0,LOW_COMPLETENESS,CORPUS CHRISTI NAS,27.6878,-97.2917,4.6,TX
USC00419270,910,917,49.81,0,910,917,49.81,0,969,858,53.04,0,50.88,49.81,2789,0,LOW_COMPLETENESS,VALENTINE,30.5939,-104.4928,1355.4,TX
USC00410498,888,939,48.6,3,889,938,48.66,1,888,939,48.6,0,48.62,48.6,2665,4,LOW_COMPLETENESS,BALMORHEA,30.9839,-103.7408,970.8,TX
USC00416950,883,944,48.33,2,884,943,48.39,0,896,931,49.04,0,48.59,48.33,2663,2,LOW_COMPLETENESS,PERRYTON,36.3897,-100.8239,896.7,TX
USC00414775,858,969,46.96,9,858,969,46.96,4,858,969,46.96,0,46.96,46.96,2574,13,LOW_COMPLETENESS,KERMIT,31.8408,-103.0889,862.6,TX
USC00410690,837,990,45.81,1,836,991,45.76,0,1736,91,95.02,0,62.2,45.76,3409,1,LOW_COMPLETENESS,BENAVIDES #2,27.5969,-98.4161,115.8,TX
USC00419417,802,1025,43.9,1,805,1022,44.06,3,1693,134,92.67,1,60.21,43.9,3300,5,LOW_COMPLETENESS,WACO DAM,31.6003,-97.2169,150.9,TX
USC00410611,814,1013,44.55,0,787,1040,43.08,1,858,969,46.96,0,44.86,43.08,2459,1,LOW_COMPLETENESS,BEAUMONT CITY,30.0969,-94.0997,6.1,TX
USC00413060,777,1050,42.53,0,782,1045,42.8,0,795,1032,43.51,0,42.95,42.53,2354,0,LOW_COMPLETENESS,FALCON DAM,26.5581,-99.1372,97.5,TX
USC00415579,749,1078,41.0,2,749,1078,41.0,1,768,1059,42.04,0,41.34,41.0,2266,3,LOW_COMPLETENESS,MARATHON,30.1925,-103.2717,1215.8,TX
USC00415048,750,1077,41.05,0,750,1077,41.05,0,749,1078,41.0,0,41.03,41.0,2249,0,LOW_COMPLETENESS,LANGTRY,29.8097,-101.5603,393.2,TX
USC00412180,743,1084,40.67,0,743,1084,40.67,0,1735,92,94.96,0,58.77,40.67,3221,0,LOW_COMPLETENESS,CUMBY,33.155,-95.8433,189.0,TX
USC00416879,722,1105,39.52,0,720,1107,39.41,0,725,1102,39.68,0,39.54,39.41,2167,0,LOW_COMPLETENESS,PEARSALL,28.8889,-99.0897,193.5,TX
USC00413686,705,1122,38.59,1,705,1122,38.59,1,753,1074,41.22,0,39.46,38.59,2163,2,LOW_COMPLETENESS,GRANGER DAM,30.7189,-97.3211,169.2,TX
USC00415193,701,1126,38.37,1,701,1126,38.37,1,701,1126,38.37,1,38.37,38.37,2103,3,LOW_COMPLETENESS,LEXINGTON,30.4064,-97.0133,128.9,TX
USC00417704,697,1130,38.15,0,697,1130,38.15,0,1827,0,100.0,0,58.77,38.15,3221,0,LOW_COMPLETENESS,ROCKPORT,28.0183,-97.0567,3.0,TX
USW00000229,691,1136,37.82,1,693,1134,37.93,1,1009,818,55.23,0,43.66,37.82,2393,2,LOW_COMPLETENESS,LAMPASAS AP,31.1061,-98.1961,370.0,TX
USW00012961,1827,0,100.0,0,1827,0,100.0,0,657,1170,35.96,0,78.65,35.96,4311,0,LOW_COMPLETENESS,KERRVILLE MUNI AP,29.9833,-99.0833,492.9,TX
USC00419715,649,1178,35.52,0,649,1178,35.52,0,1513,314,82.81,2,51.29,35.52,2811,2,LOW_COMPLETENESS,WHITNEY DAM,31.8611,-97.375,175.0,TX
USC00410764,649,1178,35.52,0,649,1178,35.52,0,650,1177,35.58,0,35.54,35.52,1948,0,LOW_COMPLETENESS,BIG BEND RCH SP,29.4372,-103.9583,1261.9,TX
USC00415852,661,1166,36.18,4,661,1166,36.18,0,619,1208,33.88,0,35.41,33.88,1941,4,LOW_COMPLETENESS,MERKEL 12 SW,32.3197,-100.1222,685.5,TX
USC00419361,589,1238,32.24,0,591,1236,32.35,0,605,1222,33.11,0,32.57,32.24,1785,0,LOW_COMPLETENESS,VICTORIA FIRE DEPT #5,28.8608,-97.0181,30.8,TX
USC00414597,559,1268,30.6,0,559,1268,30.6,0,1668,159,91.3,2,50.83,30.6,2786,2,LOW_COMPLETENESS,JOE POOL LAKE,32.6406,-96.9747,180.1,TX
USC00418996,519,1308,28.41,0,519,1308,28.41,0,519,1308,28.41,0,28.41,28.41,1557,0,LOW_COMPLETENESS,THOMPSONS 3 WSW,29.4822,-95.6314,21.3,TX
USW00012946,507,1320,27.75,1,507,1320,27.75,1,484,1343,26.49,0,27.33,26.49,1498,2,LOW_COMPLETENESS,CORPUS CHRISTI CABANISS FLD,27.7,-97.4333,9.1,TX
USC00410779,482,1345,26.38,1,482,1345,26.38,1,477,1350,26.11,0,26.29,26.11,1441,2,LOW_COMPLETENESS,BIG LAKE 2,31.2,-101.4625,833.3,TX
USC00411013,469,1358,25.67,0,469,1358,25.67,1,471,1356,25.78,0,25.71,25.67,1409,1,LOW_COMPLETENESS,BRACKETTVILLE 22 N,29.61,-100.4519,536.4,TX
USC00413485,461,1366,25.23,7,461,1366,25.23,0,461,1366,25.23,0,25.23,25.23,1383,7,LOW_COMPLETENESS,GATESVILLE,31.4144,-97.7019,251.8,TX
USC00413063,448,1379,24.52,0,440,1387,24.08,0,502,1325,27.48,0,25.36,24.08,1390,0,LOW_COMPLETENESS,FALFURRIAS,27.1353,-98.1203,42.4,TX
USC00414911,432,1395,23.65,1,415,1412,22.71,0,413,1414,22.61,0,22.99,22.61,1260,1,LOW_COMPLETENESS,LA JOYA,26.3233,-98.3233,64.9,TX
USC00413691,405,1422,22.17,0,408,1419,22.33,1,1649,178,90.26,0,44.92,22.17,2462,1,LOW_COMPLETENESS,GRAPEVINE DAM,32.9506,-97.0553,178.3,TX
USW00023041,395,1432,21.62,0,395,1432,21.62,0,394,1433,21.57,0,21.6,21.57,1184,0,LOW_COMPLETENESS,BIG SPRING,32.2442,-101.4536,765.0,TX
USC00419491,393,1434,21.51,0,393,1434,21.51,0,386,1441,21.13,0,21.38,21.13,1172,0,LOW_COMPLETENESS,WASHINGTON SP,30.3236,-96.1594,65.5,TX
USC00417947,1195,632,65.41,2,1195,632,65.41,1,385,1442,21.07,0,50.63,21.07,2775,3,LOW_COMPLETENESS,SAN ANTONIO INCARNATE WORD,29.4703,-98.4728,213.4,TX
USC00412238,406,1421,22.22,0,371,1456,20.31,0,666,1161,36.45,0,26.33,20.31,1443,0,LOW_COMPLETENESS,DALHART,36.0606,-102.5211,1214.3,TX
USC00411934,456,1371,24.96,0,457,1370,25.01,0,370,1457,20.25,0,23.41,20.25,1283,0,LOW_COMPLETENESS,CONCHO PARK/IVIE RSVR,31.5517,-99.7083,478.2,TX
USC00415766,360,1467,19.7,0,360,1467,19.7,0,360,1467,19.7,0,19.7,19.7,1080,0,LOW_COMPLETENESS,MCKINNEY MUNI AP,33.1828,-96.59,173.4,TX
USC00418728,358,1469,19.59,0,359,1468,19.65,1,357,1470,19.54,0,19.59,19.54,1074,1,LOW_COMPLETENESS,SUGAR LAND,29.6197,-95.6575,23.5,TX
USC00417170,355,1472,19.43,0,355,1472,19.43,1,1006,821,55.06,0,31.31,19.43,1716,1,LOW_COMPLETENESS,PORT ARANSAS,27.8139,-97.075,2.4,TX
USC00410926,313,1514,17.13,0,314,1513,17.19,0,540,1287,29.56,0,21.29,17.13,1167,0,LOW_COMPLETENESS,BONITA 7NW,33.8186,-97.7336,298.7,TX
USC00410832,313,1514,17.13,3,314,1513,17.19,0,311,1516,17.02,1,17.11,17.02,938,4,LOW_COMPLETENESS,BLANCO,30.095,-98.4142,399.3,TX
USC00418449,292,1535,15.98,0,292,1535,15.98,0,300,1527,16.42,0,16.13,15.98,884,0,LOW_COMPLETENESS,SONORA,30.5508,-100.6519,643.7,TX
USC00415196,312,1515,17.08,1,313,1514,17.13,0,289,1538,15.82,0,16.68,15.82,914,1,LOW_COMPLETENESS,LIBERTY,30.0592,-94.795,10.7,TX
USC00418415,271,1556,14.83,0,271,1556,14.83,0,271,1556,14.83,0,14.83,14.83,813,0,LOW_COMPLETENESS,SMITHVILLE,30.0092,-97.1644,96.6,TX
USW00003050,1825,2,99.89,2,1826,1,99.95,6,246,1581,13.46,0,71.1,13.46,3897,8,LOW_COMPLETENESS,SNYDER WINSTON FLD AP,32.6933,-100.9506,740.7,TX
USC00412906,242,1585,13.25,0,241,1586,13.19,1,1816,11,99.4,0,41.94,13.19,2299,1,LOW_COMPLETENESS,ENCINAL,27.9775,-99.3847,166.1,TX
USC00412820,241,1586,13.19,0,240,1587,13.14,0,241,1586,13.19,0,13.17,13.14,722,0,LOW_COMPLETENESS,ELGIN 1 N,30.3642,-97.37,181.1,TX
USC00411441,357,1470,19.54,0,235,1592,12.86,10,351,1476,19.21,0,17.2,12.86,943,10,LOW_COMPLETENESS,CAPROCK CANYON SP,34.4125,-101.0683,807.1,TX
USW00003044,1822,5,99.73,0,1822,5,99.73,0,208,1619,11.38,0,70.28,11.38,3852,0,LOW_COMPLETENESS,BIG SPRING WRINKLE AP,32.2125,-101.5214,784.3,TX
USW00003049,1827,0,100.0,0,1827,0,100.0,0,207,1620,11.33,0,70.44,11.33,3861,0,LOW_COMPLETENESS,ALPINE CASPARIS AP,30.3833,-103.6833,1375.6,TX
USW00000349,1765,62,96.61,2,1765,62,96.61,1,204,1623,11.17,0,68.13,11.17,3734,3,LOW_COMPLETENESS,ANDREWS COUNTY AP,32.3311,-102.53,967.1,TX
USC00414968,200,1627,10.95,0,200,1627,10.95,0,200,1627,10.95,0,10.95,10.95,600,0,LOW_COMPLETENESS,LAKE AMENT,29.4589,-103.4994,1100.0,TX
USC00412225,200,1627,10.95,0,200,1627,10.95,0,199,1628,10.89,0,10.93,10.89,599,0,LOW_COMPLETENESS,DAINGERFIELD 9 S,32.9203,-94.7225,91.4,TX
USC00410337,197,1630,10.78,0,200,1627,10.95,0,258,1569,14.12,0,11.95,10.78,655,0,LOW_COMPLETENESS,ARLINGTON SIX FLAGS,32.7572,-97.0736,163.4,TX
USC00416733,190,1637,10.4,0,190,1637,10.4,0,189,1638,10.34,0,10.38,10.34,569,0,LOW_COMPLETENESS,OZONA 22SE,30.4267,-101.0367,646.2,TX
USW00003056,1825,2,99.89,1,1825,2,99.89,1,181,1646,9.91,0,69.9,9.91,3831,2,LOW_COMPLETENESS,GAINES CO AP,32.6753,-102.6544,1010.4,TX
USC00411148,172,1655,9.41,0,172,1655,9.41,1,182,1645,9.96,0,9.6,9.41,526,1,LOW_COMPLETENESS,BRUNI,27.4392,-98.8358,235.0,TX
USW00003071,1775,52,97.15,2,1775,52,97.15,2,171,1656,9.36,0,67.89,9.36,3721,4,LOW_COMPLETENESS,MIDLAND AIRPARK,32.0364,-102.1011,854.4,TX
USW00003058,1798,29,98.41,1,1798,29,98.41,0,161,1666,8.81,0,68.55,8.81,3757,1,LOW_COMPLETENESS,PECOS MUNI AP,31.3825,-103.5108,796.4,TX
USC00410206,151,1676,8.26,0,151,1676,8.26,0,152,1675,8.32,0,8.28,8.26,454,0,LOW_COMPLETENESS,ALVORD 3 N,33.3867,-97.7164,307.8,TX
USW00000471,1804,23,98.74,0,1804,23,98.74,0,150,1677,8.21,0,68.56,8.21,3758,0,LOW_COMPLETENESS,PRESIDIO LELY INTL AP,29.6342,-104.3614,896.1,TX
USC00417782,150,1677,8.21,0,150,1677,8.21,0,151,1676,8.26,0,8.23,8.21,451,0,LOW_COMPLETENESS,ROTAN,32.8556,-100.4611,608.1,TX
USC00410518,132,1695,7.22,1,131,1696,7.17,0,1685,142,92.23,0,35.54,7.17,1948,1,LOW_COMPLETENESS,BARDWELL DAM,32.2631,-96.6369,140.5,TX
USC00410040,131,1696,7.17,1,131,1696,7.17,0,1102,725,60.32,0,24.89,7.17,1364,1,LOW_COMPLETENESS,ACTON RCH,30.3369,-101.2503,612.6,TX
USC00416495,116,1711,6.35,0,117,1710,6.4,1,120,1707,6.57,0,6.44,6.35,353,1,LOW_COMPLETENESS,OAK CREEK LAKE,32.0419,-100.2775,613.6,TX
USC00414254,86,1741,4.71,0,86,1741,4.71,0,86,1741,4.71,0,4.71,4.71,258,0,LOW_COMPLETENESS,HONDO,29.3364,-99.1386,267.9,TX
USC00411063,73,1754,4.0,0,73,1754,4.0,0,77,1750,4.21,0,4.07,4.0,223,0,LOW_COMPLETENESS,BRIDGEPORT,33.2064,-97.7761,234.4,TX
USC00413183,63,1764,3.45,0,63,1764,3.45,0,63,1764,3.45,0,3.45,3.45,189,0,LOW_COMPLETENESS,FLATONIA 4SE,29.6339,-97.0644,143.3,TX
USC00411007,62,1765,3.39,0,62,1765,3.39,0,62,1765,3.39,0,3.39,3.39,186,0,LOW_COMPLETENESS,BRACKETTVILLE,29.3167,-100.4144,341.4,TX
USC00410482,73,1754,4.0,0,73,1754,4.0,0,56,1771,3.07,0,3.69,3.07,202,0,LOW_COMPLETENESS,BAKERSFIELD,30.8878,-102.3008,776.3,TX
USC00417300,49,1778,2.68,0,49,1778,2.68,0,1821,6,99.67,1,35.01,2.68,1919,1,LOW_COMPLETENESS,PROCTOR RSVR,31.9633,-98.4942,372.2,TX
USC00415891,34,1793,1.86,0,34,1793,1.86,0,36,1791,1.97,0,1.9,1.86,104,0,LOW_COMPLETENESS,MIDLAND 4 ENE,32.0186,-102.0258,846.1,TX
USC00410174,31,1796,1.7,0,31,1796,1.7,0,29,1798,1.59,0,1.66,1.59,91,0,LOW_COMPLETENESS,ALPINE,30.3764,-103.66,1356.4,TX
USC00415590,185,1642,10.13,1,185,1642,10.13,1,24,1803,1.31,0,7.19,1.31,394,2,LOW_COMPLETENESS,MARFA AP,30.3667,-104.0167,1473.1,TX
USC00412361,49,1778,2.68,0,48,1779,2.63,0,21,1806,1.15,0,2.15,1.15,118,0,LOW_COMPLETENESS,DEL RIO 4NW,29.4078,-100.9275,320.3,TX
USC00415013,13,1814,0.71,0,13,1814,0.71,0,13,1814,0.71,0,0.71,0.71,39,0,LOW_COMPLETENESS,LAMESA 1 SSE,32.7228,-101.9456,903.7,TX
USC00413215,0,1827,0.0,0,0,1827,0.0,0,1827,0,100.0,0,33.33,0.0,1827,0,PARTIAL_DATA,FLOYDADA 9SE,33.8761,-101.2464,954.0,TX
USC00415410,0,1827,0.0,0,0,1827,0.0,0,1827,0,100.0,0,33.33,0.0,1827,0,PARTIAL_DATA,LUBBOCK 9N,33.6897,-101.8219,989.1,TX
USC00417873,0,1827,0.0,0,0,1827,0.0,0,1827,0,100.0,0,33.33,0.0,1827,0,PARTIAL_DATA,SABINAL,29.3278,-99.4653,290.2,TX
USC00418221,0,1827,0.0,0,0,1827,0.0,0,1827,0,100.0,0,33.33,0.0,1827,0,PARTIAL_DATA,SEYMOUR 3NW,33.6419,-99.2894,399.6,TX
USC00418964,0,1827,0.0,0,0,1827,0.0,0,1827,0,100.0,0,33.33,0.0,1827,0,PARTIAL_DATA,TEXLINE,36.3786,-103.0244,1433.8,TX
USC00419346,0,1827,0.0,0,0,1827,0.0,0,1824,3,99.84,0,33.28,0.0,1824,0,PARTIAL_DATA,VERNON,34.1517,-99.3253,368.8,TX
USC00414140,0,1827,0.0,0,0,1827,0.0,0,1822,5,99.73,0,33.24,0.0,1822,0,PARTIAL_DATA,HIGGINS,36.1161,-100.0239,781.5,TX
USC00417677,0,1827,0.0,0,0,1827,0.0,0,1820,7,99.62,0,33.21,0.0,1820,0,PARTIAL_DATA,ROBSTOWN,27.7894,-97.6619,25.9,TX
USC00414257,0,1827,0.0,0,0,1827,0.0,0,1810,17,99.07,0,33.02,0.0,1810,0,PARTIAL_DATA,HONEY GROVE,33.5869,-95.9075,201.8,TX
USC00419330,0,1827,0.0,0,0,1827,0.0,0,1738,89,95.13,0,31.71,0.0,1738,0,PARTIAL_DATA,VEGA 2NW,35.2775,-102.4633,1218.6,TX
USC00415094,0,1827,0.0,0,0,1827,0.0,0,1706,121,93.38,0,31.13,0.0,1706,0,PARTIAL_DATA,LAVON DAM,33.0353,-96.4861,155.4,TX
USC00418646,0,1827,0.0,0,0,1827,0.0,0,1679,148,91.9,1,30.63,0.0,1679,1,PARTIAL_DATA,STILLHOUSE HOLLOW DAM,31.0372,-97.5283,215.2,TX
USC00415229,0,1827,0.0,0,0,1827,0.0,0,1672,155,91.52,0,30.51,0.0,1672,0,PARTIAL_DATA,LINDEN,33.0161,-94.3675,126.5,TX
USC00415611,0,1827,0.0,0,0,1827,0.0,0,1602,225,87.68,0,29.23,0.0,1602,0,PARTIAL_DATA,MARLIN,31.305,-96.8767,124.1,TX
USC00411578,0,1827,0.0,0,0,1827,0.0,0,1563,264,85.55,0,28.52,0.0,1563,0,PARTIAL_DATA,CENTER,31.8194,-94.2528,115.8,TX
USC00419275,0,1827,0.0,0,0,1827,0.0,0,1406,421,76.96,0,25.65,0.0,1406,0,PARTIAL_DATA,VALENTINE 10 WSW,30.5525,-104.6467,1339.3,TX
USC00419717,0,1827,0.0,0,0,1827,0.0,0,1388,439,75.97,0,25.32,0.0,1388,0,PARTIAL_DATA,WHITSETT,28.6314,-98.2775,63.4,TX
USC00415120,0,1827,0.0,0,0,1827,0.0,0,1254,573,68.64,0,22.88,0.0,1254,0,PARTIAL_DATA,LEES,32.0819,-101.4842,685.8,TX
USC00414020,0,1827,0.0,0,0,1827,0.0,0,1244,583,68.09,0,22.7,0.0,1244,0,PARTIAL_DATA,HAWKINS,32.5781,-95.2033,102.1,TX
USC00418630,0,1827,0.0,0,0,1827,0.0,0,1203,624,65.85,0,21.95,0.0,1203,0,PARTIAL_DATA,STERLING CITY,31.8408,-100.9786,701.0,TX
USC00418487,0,1827,0.0,0,0,1827,0.0,0,1132,695,61.96,0,20.65,0.0,1132,0,PARTIAL_DATA,S PADRE IS,26.1375,-97.1742,1.5,TX
USC00416739,0,1827,0.0,0,0,1827,0.0,0,1096,731,59.99,0,20.0,0.0,1096,0,PARTIAL_DATA,PADRE IS AT CORPUS CHRISTI,27.5906,-97.2306,2.4,TX
USC00413247,0,1827,0.0,0,0,1827,0.0,0,921,906,50.41,0,16.8,0.0,921,0,PARTIAL_DATA,FORESTBURG 5 S,33.4661,-97.5797,338.3,TX
USC00418126,0,1827,0.0,0,0,1827,0.0,0,896,931,49.04,0,16.35,0.0,896,0,PARTIAL_DATA,SCHULENBURG,29.6825,-96.8564,88.4,TX
USC00414563,0,1827,0.0,0,0,1827,0.0,0,686,1141,37.55,0,12.52,0.0,686,0,PARTIAL_DATA,JASPER,30.9153,-94.0097,62.5,TX
USC00418354,0,1827,0.0,0,0,1827,0.0,0,651,1176,35.63,0,11.88,0.0,651,0,PARTIAL_DATA,SINTON,28.1011,-97.5689,25.0,TX
USC00411946,0,1827,0.0,0,0,1827,0.0,0,606,1221,33.17,0,11.06,0.0,606,0,PARTIAL_DATA,CONLEN,36.2353,-102.2406,1164.3,TX
USC00410944,0,1827,0.0,0,0,1827,0.0,0,569,1258,31.14,0,10.38,0.0,569,0,PARTIAL_DATA,BOOKER,36.4533,-100.5394,838.2,TX
USW00023072,0,1827,0.0,0,0,1827,0.0,0,306,1521,16.75,0,5.58,0.0,306,0,PARTIAL_DATA,CLARENDON,34.9325,-100.8903,823.0,TX
USC00418845,0,1827,0.0,0,0,1827,0.0,0,183,1644,10.02,0,3.34,0.0,183,0,PARTIAL_DATA,TARPLEY 3S,29.6075,-99.28,397.8,TX
USC00417195,0,1827,0.0,0,0,1827,0.0,0,147,1680,8.05,0,2.68,0.0,147,0,PARTIAL_DATA,PORTLAND,27.8764,-97.3164,9.1,TX
USC00410257,0,1827,0.0,0,0,1827,0.0,0,142,1685,7.77,0,2.59,0.0,142,0,PARTIAL_DATA,ANGLETON 2 W,29.1572,-95.4592,8.2,TX
USC00414920,0,1827,0.0,0,0,1827,0.0,0,122,1705,6.68,0,2.23,0.0,122,0,PARTIAL_DATA,LA PRYOR,28.9839,-99.8683,238.4,TX
USC00418658,0,1827,0.0,0,0,1827,0.0,0,79,1748,4.32,0,1.44,0.0,79,0,PARTIAL_DATA,STOCKDALE 6N,29.3258,-97.9753,161.5,TX
USW00013910,0,1827,0.0,0,0,1827,0.0,0,0,1827,0.0,0,0.0,0.0,0,0,NO_DATA_IN_STUDY_PERIOD,ABILENE DYESS AFB,32.4333,-99.85,545.0,TX
USC00410081,0,1827,0.0,0,0,1827,0.0,0,0,1827,0.0,0,0.0,0.0,0,0,NO_DATA_IN_STUDY_PERIOD,AGUA NUEVA,26.9,-98.6,139.9,TX
USC00410144,0,1827,0.0,0,0,1827,0.0,0,0,1827,0.0,0,0.0,0.0,0,0,NO_DATA_IN_STUDY_PERIOD,ALICE,27.7283,-98.0678,61.3,TX
USC00410183,0,1827,0.0,0,0,1827,0.0,0,0,1827,0.0,0,0.0,0.0,0,0,NO_DATA_IN_STUDY_PERIOD,ALTA LOMA,29.3833,-95.0667,4.3,TX
USC00410190,0,1827,0.0,0,0,1827,0.0,0,0,1827,0.0,0,0.0,0.0,0,0,NO_DATA_IN_STUDY_PERIOD,ALTO 5 SW,31.6094,-95.1342,85.3,TX
USC00410204,0,1827,0.0,0,0,1827,0.0,0,0,1827,0.0,0,0.0,0.0,0,0,NO_DATA_IN_STUDY_PERIOD,ALVIN,29.3653,-95.2336,8.5,TX
USC00410235,0,1827,0.0,0,0,1827,0.0,0,0,1827,0.0,0,0.0,0.0,0,0,NO_DATA_IN_STUDY_PERIOD,ANAHUAC,29.7878,-94.6342,7.3,TX
USC00410244,0,1827,0.0,0,0,1827,0.0,0,0,1827,0.0,0,0.0,0.0,0,0,NO_DATA_IN_STUDY_PERIOD,ANDERSON,30.4833,-95.9833,107.0,TX
USC00410248,0,1827,0.0,0,0,1827,0.0,0,0,1827,0.0,0,0.0,0.0,0,0,NO_DATA_IN_STUDY_PERIOD,ANDREWS,32.3483,-102.5517,972.9,TX
USC00410250,0,1827,0.0,0,0,1827,0.0,0,0,1827,0.0,0,0.0,0.0,0,0,NO_DATA_IN_STUDY_PERIOD,ANDREWS 2,32.3122,-102.5606,980.2,TX
USC00410262,0,1827,0.0,0,0,1827,0.0,0,0,1827,0.0,0,0.0,0.0,0,0,NO_DATA_IN_STUDY_PERIOD,ANNA,33.35,-96.5167,207.3,TX
USC00410302,0,1827,0.0,0,0,1827,0.0,0,0,1827,0.0,0,0.0,0.0,0,0,NO_DATA_IN_STUDY_PERIOD,ARANSAS PASS 2,27.9167,-97.1333,6.1,TX
USC00410437,0,1827,0.0,0,0,1827,0.0,0,0,1827,0.0,0,0.0,0.0,0,0,NO_DATA_IN_STUDY_PERIOD,ARANSAS WILDLIFE REF,28.2667,-96.8,6.1,TX
USC00410305,0,1827,0.0,0,0,1827,0.0,0,0,1827,0.0,0,0.0,0.0,0,0,NO_DATA_IN_STUDY_PERIOD,ARANSAS WR,28.3081,-96.8047,4.6,TX
USC00410313,0,1827,0.0,0,0,1827,0.0,0,0,1827,0.0,0,0.0,0.0,0,0,NO_DATA_IN_STUDY_PERIOD,ARCHER CITY 2W,33.5989,-98.6544,305.1,TX
USC00410342,0,1827,0.0,0,0,1827,0.0,0,0,1827,0.0,0,0.0,0.0,0,0,NO_DATA_IN_STUDY_PERIOD,ARMSTRONG,26.9333,-97.8,9.1,TX
USC00410420,0,1827,0.0,0,0,1827,0.0,0,0,1827,0.0,0,0.0,0.0,0,0,NO_DATA_IN_STUDY_PERIOD,AUSTIN,30.2833,-97.7333,-999.9,TX
USC00410431,0,1827,0.0,0,0,1827,0.0,0,0,1827,0.0,0,0.0,0.0,0,0,NO_DATA_IN_STUDY_PERIOD,AUSTIN 6S,30.2247,-97.7328,173.7,TX
USC00410427,0,1827,0.0,0,0,1827,0.0,0,0,1827,0.0,0,0.0,0.0,0,0,NO_DATA_IN_STUDY_PERIOD,AUSTIN WTP,30.2806,-97.6536,152.4,TX
USC00410479,0,1827,0.0,0,0,1827,0.0,0,0,1827,0.0,0,0.0,0.0,0,0,NO_DATA_IN_STUDY_PERIOD,BAKERS CROSSING,29.95,-101.15,460.2,TX
USC00410538,0,1827,0.0,0,0,1827,0.0,0,0,1827,0.0,0,0.0,0.0,0,0,NO_DATA_IN_STUDY_PERIOD,BARSTOW,31.4667,-103.4,783.9,TX
USC00410542,0,1827,0.0,0,0,1827,0.0,0,0,1827,0.0,0,0.0,0.0,0,0,NO_DATA_IN_STUDY_PERIOD,BASTROP,30.1,-97.3333,116.1,TX
USC00410560,0,1827,0.0,0,0,1827,0.0,0,0,1827,0.0,0,0.0,0.0,0,0,NO_DATA_IN_STUDY_PERIOD,BATESVILLE,28.9567,-99.6228,227.1,TX
USC00410600,0,1827,0.0,0,0,1827,0.0,0,0,1827,0.0,0,0.0,0.0,0,0,NO_DATA_IN_STUDY_PERIOD,BEAR MOUNTAIN,29.5569,-103.3672,973.5,TX
USW00012925,0,1827,0.0,0,0,1827,0.0,0,0,1827,0.0,0,0.0,0.0,0,0,NO_DATA_IN_STUDY_PERIOD,BEEVILLE CHASE NAAS,28.3667,-97.6667,60.0,TX
USC00410665,0,1827,0.0,0,0,1827,0.0,0,0,1827,0.0,0,0.0,0.0,0,0,NO_DATA_IN_STUDY_PERIOD,BELTON DAM,31.1,-97.4833,202.4,TX
USW00023019,0,1827,0.0,0,0,1827,0.0,0,0,1827,0.0,0,0.0,0.0,0,0,NO_DATA_IN_STUDY_PERIOD,BIGGS AFB,31.8333,-106.4,1196.0,TX
USC00410805,0,1827,0.0,0,0,1827,0.0,0,0,1827,0.0,0,0.0,0.0,0,0,NO_DATA_IN_STUDY_PERIOD,BISHOP,27.5842,-97.8031,20.4,TX
USC00410826,0,1827,0.0,0,0,1827,0.0,0,0,1827,0.0,0,0.0,0.0,0,0,NO_DATA_IN_STUDY_PERIOD,BLACKWELL,32.1,-100.3,655.9,TX
USC00410828,0,1827,0.0,0,0,1827,0.0,0,0,1827,0.0,0,0.0,0.0,0,0,NO_DATA_IN_STUDY_PERIOD,BLACKWELL,32.0919,-100.3253,640.7,TX
USC00410917,0,1827,0.0,0,0,1827,0.0,0,0,1827,0.0,0,0.0,0.0,0,0,NO_DATA_IN_STUDY_PERIOD,BON WIER,30.7333,-93.65,27.1,TX
USC00410942,0,1827,0.0,0,0,1827,0.0,0,0,1827,0.0,0,0.0,0.0,0,0,NO_DATA_IN_STUDY_PERIOD,BOOKER BLAU RCH,36.3667,-100.5333,854.0,TX
USC00410947,0,1827,0.0,0,0,1827,0.0,0,0,1827,0.0,0,0.0,0.0,0,0,NO_DATA_IN_STUDY_PERIOD,BOOTLEG CORNER,34.8333,-102.8167,1253.9,TX
USC00410950,0,1827,0.0,0,0,1827,0.0,0,0,1827,0.0,0,0.0,0.0,0,0,NO_DATA_IN_STUDY_PERIOD,BOQUILLAS RS,29.1853,-102.9622,566.3,TX
USC00410955,0,1827,0.0,0,0,1827,0.0,0,0,1827,0.0,0,0.0,0.0,0,0,NO_DATA_IN_STUDY_PERIOD,BORGER,35.65,-101.4,949.1,TX
USC00410958,0,1827,0.0,0,0,1827,0.0,0,0,1827,0.0,0,0.0,0.0,0,0,NO_DATA_IN_STUDY_PERIOD,BORGER,35.6689,-101.4022,930.6,TX
USC00410977,0,1827,0.0,0,0,1827,0.0,0,0,1827,0.0,0,0.0,0.0,0,0,NO_DATA_IN_STUDY_PERIOD,BOVINA,34.5167,-102.8833,1250.9,TX
USC00410996,0,1827,0.0,0,0,1827,0.0,0,0,1827,0.0,0,0.0,0.0,0,0,NO_DATA_IN_STUDY_PERIOD,BOYD,33.08,-97.5639,222.5,TX
USC00411034,0,1827,0.0,0,0,1827,0.0,0,0,1827,0.0,0,0.0,0.0,0,0,NO_DATA_IN_STUDY_PERIOD,BRAZORIA,29.05,-95.5667,9.1,TX
USC00411043,0,1827,0.0,0,0,1827,0.0,0,0,1827,0.0,0,0.0,0.0,0,0,NO_DATA_IN_STUDY_PERIOD,BRECKENRIDGE 2 WNW,32.7667,-98.9333,406.0,TX
USC00411073,0,1827,0.0,0,0,1827,0.0,0,0,1827,0.0,0,0.0,0.0,0,0,NO_DATA_IN_STUDY_PERIOD,BRIGHTON,27.65,-97.3,3.0,TX
USC00411089,0,1827,0.0,0,0,1827,0.0,0,0,1827,0.0,0,0.0,0.0,0,0,NO_DATA_IN_STUDY_PERIOD,BROADDUS,31.305,-94.2703,74.7,TX
USC00414523,0,1827,0.0,0,0,1827,0.0,0,0,1827,0.0,0,0.0,0.0,0,0,NO_DATA_IN_STUDY_PERIOD,BROADDUS,31.3167,-94.2833,82.0,TX
USC00411094,0,1827,0.0,0,0,1827,0.0,0,0,1827,0.0,0,0.0,0.0,0,0,NO_DATA_IN_STUDY_PERIOD,BRONSON,31.35,-94.0167,98.1,TX
USC00411127,0,1827,0.0,0,0,1827,0.0,0,0,1827,0.0,0,0.0,0.0,0,0,NO_DATA_IN_STUDY_PERIOD,BROWNFIELD,33.1833,-102.2667,1031.1,TX
USC00411133,0,1827,0.0,0,0,1827,0.0,0,0,1827,0.0,0,0.0,0.0,0,0,NO_DATA_IN_STUDY_PERIOD,BROWNSVILLE,25.9008,-97.5039,5.5,TX
USW00013905,0,1827,0.0,0,0,1827,0.0,0,0,1827,0.0,0,0.0,0.0,0,0,NO_DATA_IN_STUDY_PERIOD,BRYAN CAA AP,30.6333,-96.4667,81.1,TX
USC00411165,0,1827,0.0,0,0,1827,0.0,0,0,1827,0.0,0,0.0,0.0,0,0,NO_DATA_IN_STUDY_PERIOD,BUCHANAN DAM,30.75,-98.4167,310.9,TX
USC00411348,0,1827,0.0,0,0,1827,0.0,0,0,1827,0.0,0,0.0,0.0,0,0,NO_DATA_IN_STUDY_PERIOD,CAMERON,30.8458,-96.97,110.9,TX
USC00411370,0,1827,0.0,0,0,1827,0.0,0,0,1827,0.0,0,0.0,0.0,0,0,NO_DATA_IN_STUDY_PERIOD,CAMP FANNIN,32.4333,-95.1833,-999.9,TX
USC00411397,0,1827,0.0,0,0,1827,0.0,0,0,1827,0.0,0,0.0,0.0,0,0,NO_DATA_IN_STUDY_PERIOD,CAMP WALLACE,29.3833,-95.0333,5.2,TX
USC00411398,0,1827,0.0,0,0,1827,0.0,0,0,1827,0.0,0,0.0,0.0,0,0,NO_DATA_IN_STUDY_PERIOD,CAMP WOOD,29.6703,-100.0097,451.1,TX
USC00411412,0,1827,0.0,0,0,1827,0.0,0,0,1827,0.0,0,0.0,0.0,0,0,NO_DATA_IN_STUDY_PERIOD,CANADIAN,35.9092,-100.3883,701.0,TX
USC00411416,0,1827,0.0,0,0,1827,0.0,0,0,1827,0.0,0,0.0,0.0,0,0,NO_DATA_IN_STUDY_PERIOD,CANDELARIA,30.1383,-104.6822,876.9,TX
USC00411425,0,1827,0.0,0,0,1827,0.0,0,0,1827,0.0,0,0.0,0.0,0,0,NO_DATA_IN_STUDY_PERIOD,CANTON 5 W,32.5669,-95.9578,147.8,TX
USC00411437,0,1827,0.0,0,0,1827,0.0,0,0,1827,0.0,0,0.0,0.0,0,0,NO_DATA_IN_STUDY_PERIOD,CANYON DAM 7,29.9333,-98.2167,299.0,TX
USC00411470,0,1827,0.0,0,0,1827,0.0,0,0,1827,0.0,0,0.0,0.0,0,0,NO_DATA_IN_STUDY_PERIOD,CARMONA,31.0,-94.95,100.6,TX
USC00411492,0,1827,0.0,0,0,1827,0.0,0,0,1827,0.0,0,0.0,0.0,0,0,NO_DATA_IN_STUDY_PERIOD,CARTA VALLEY,29.7908,-100.6742,564.2,TX
USC00411528,0,1827,0.0,0,0,1827,0.0,0,0,1827,0.0,0,0.0,0.0,0,0,NO_DATA_IN_STUDY_PERIOD,CATARINA,28.3392,-99.6328,170.7,TX
USC00411541,0,1827,0.0,0,0,1827,0.0,0,0,1827,0.0,0,0.0,0.0,0,0,NO_DATA_IN_STUDY_PERIOD,CEDAR CREEK 5 S,30.0164,-97.4786,132.9,TX
USC00411542,0,1827,0.0,0,0,1827,0.0,0,0,1827,0.0,0,0.0,0.0,0,0,NO_DATA_IN_STUDY_PERIOD,CEDAR CREEK 6SW,30.0225,-97.5578,166.1,TX
USC00411632,0,1827,0.0,0,0,1827,0.0,0,0,1827,0.0,0,0.0,0.0,0,0,NO_DATA_IN_STUDY_PERIOD,CHAMBERS HILL GRD STN,31.4667,-93.8333,107.0,TX
USC00411646,0,1827,0.0,0,0,1827,0.0,0,0,1827,0.0,0,0.0,0.0,0,0,NO_DATA_IN_STUDY_PERIOD,CHANNING,35.6869,-102.3342,1158.2,TX
USC00411650,0,1827,0.0,0,0,1827,0.0,0,0,1827,0.0,0,0.0,0.0,0,0,NO_DATA_IN_STUDY_PERIOD,CHANNING 11 NE,35.7667,-102.15,1135.4,TX
USC00411649,0,1827,0.0,0,0,1827,0.0,0,0,1827,0.0,0,0.0,0.0,0,0,NO_DATA_IN_STUDY_PERIOD,CHANNING 2,35.6831,-102.33,1155.2,TX
USC00411651,0,1827,0.0,0,0,1827,0.0,0,0,1827,0.0,0,0.0,0.0,0,0,NO_DATA_IN_STUDY_PERIOD,CHAPMAN RCH,27.5892,-97.4547,7.6,TX
USC00411663,0,1827,0.0,0,0,1827,0.0,0,0,1827,0.0,0,0.0,0.0,0,0,NO_DATA_IN_STUDY_PERIOD,CHARLOTTE 5 NNW,28.9275,-98.7494,134.4,TX
USC00411697,0,1827,0.0,0,0,1827,0.0,0,0,1827,0.0,0,0.0,0.0,0,0,NO_DATA_IN_STUDY_PERIOD,CHILDRESS 13 NW,34.5667,-100.3333,522.1,TX
USC00411696,0,1827,0.0,0,0,1827,0.0,0,0,1827,0.0,0,0.0,0.0,0,0,NO_DATA_IN_STUDY_PERIOD,CHILDRESS 3 W,34.4333,-100.25,601.1,TX
USC00411701,0,1827,0.0,0,0,1827,0.0,0,0,1827,0.0,0,0.0,0.0,0,0,NO_DATA_IN_STUDY_PERIOD,CHILLICOTHE,34.25,-99.5167,427.0,TX
USC00411772,0,1827,0.0,0,0,1827,0.0,0,0,1827,0.0,0,0.0,0.0,0,0,NO_DATA_IN_STUDY_PERIOD,CLARKSVILLE 2NE,33.6164,-95.0717,132.6,TX
USC00411778,0,1827,0.0,0,0,1827,0.0,0,0,1827,0.0,0,0.0,0.0,0,0,NO_DATA_IN_STUDY_PERIOD,CLAUDE,35.11,-101.3619,1034.8,TX
USC00411810,0,1827,0.0,0,0,1827,0.0,0,0,1827,0.0,0,0.0,0.0,0,0,NO_DATA_IN_STUDY_PERIOD,CLEVELAND,30.3636,-95.0839,59.7,TX
USC00411870,0,1827,0.0,0,0,1827,0.0,0,0,1827,0.0,0,0.0,0.0,0,0,NO_DATA_IN_STUDY_PERIOD,COLDSPRING 5 SSW,30.5333,-95.15,108.2,TX
USC00411874,0,1827,0.0,0,0,1827,0.0,0,0,1827,0.0,0,0.0,0.0,0,0,NO_DATA_IN_STUDY_PERIOD,COLDWATER,36.4,-102.5667,1258.8,TX
USC00411888,0,1827,0.0,0,0,1827,0.0,0,0,1827,0.0,0,0.0,0.0,0,0,NO_DATA_IN_STUDY_PERIOD,COLLEGE STN 6 SW,30.5333,-96.4167,53.3,TX
USC00411885,0,1827,0.0,0,0,1827,0.0,0,0,1827,0.0,0,0.0,0.0,0,0,NO_DATA_IN_STUDY_PERIOD,COLLEGEPORT,28.7167,-96.1833,4.3,TX
USC00411903,0,1827,0.0,0,0,1827,0.0,0,0,1827,0.0,0,0.0,0.0,0,0,NO_DATA_IN_STUDY_PERIOD,COLORADO CITY,32.3978,-100.8594,643.1,TX
USC00411914,0,1827,0.0,0,0,1827,0.0,0,0,1827,0.0,0,0.0,0.0,0,0,NO_DATA_IN_STUDY_PERIOD,COMANCHE,31.8983,-98.6033,421.8,TX
USC00411925,0,1827,0.0,0,0,1827,0.0,0,0,1827,0.0,0,0.0,0.0,0,0,NO_DATA_IN_STUDY_PERIOD,COMSTOCK,29.6833,-101.1833,483.1,TX
USC00411926,0,1827,0.0,0,0,1827,0.0,0,0,1827,0.0,0,0.0,0.0,0,0,NO_DATA_IN_STUDY_PERIOD,COMSTOCK 11 WNW,29.7,-101.35,384.0,TX
USC00411932,0,1827,0.0,0,0,1827,0.0,0,0,1827,0.0,0,0.0,0.0,0,0,NO_DATA_IN_STUDY_PERIOD,CONCEPCION 3 S,27.3583,-98.3811,79.2,TX
USC00411995,0,1827,0.0,0,0,1827,0.0,0,0,1827,0.0,0,0.0,0.0,0,0,NO_DATA_IN_STUDY_PERIOD,COPPER BREAKS SP,34.1122,-99.743,449.6,TX
USC00412012,0,1827,0.0,0,0,1827,0.0,0,0,1827,0.0,0,0.0,0.0,0,0,NO_DATA_IN_STUDY_PERIOD,CORNUDAS SVC STN,31.78,-105.47,1365.5,TX
USC00412014,0,1827,0.0,0,0,1827,0.0,0,0,1827,0.0,0,0.0,0.0,0,0,NO_DATA_IN_STUDY_PERIOD,CORPUS CHRISTI,27.8,-97.4,3.0,TX
USC00412128,0,1827,0.0,0,0,1827,0.0,0,0,1827,0.0,0,0.0,0.0,0,0,NO_DATA_IN_STUDY_PERIOD,CROSS PLAINS,32.1167,-99.1667,531.0,TX
USC00412124,0,1827,0.0,0,0,1827,0.0,0,0,1827,0.0,0,0.0,0.0,0,0,NO_DATA_IN_STUDY_PERIOD,CROSSBAR RANCH,35.55,-100.4167,1101.9,TX
USC00412160,0,1827,0.0,0,0,1827,0.0,0,0,1827,0.0,0,0.0,0.0,0,0,NO_DATA_IN_STUDY_PERIOD,CRYSTAL CITY,28.6794,-99.8311,176.8,TX
USC00412170,0,1827,0.0,0,0,1827,0.0,0,0,1827,0.0,0,0.0,0.0,0,0,NO_DATA_IN_STUDY_PERIOD,CUERO,29.0667,-97.2833,54.9,TX
USC00412206,0,1827,0.0,0,0,1827,0.0,0,0,1827,0.0,0,0.0,0.0,0,0,NO_DATA_IN_STUDY_PERIOD,CYPRESS,30.0211,-95.7069,45.7,TX
USC00412235,0,1827,0.0,0,0,1827,0.0,0,0,1827,0.0,0,0.0,0.0,0,0,NO_DATA_IN_STUDY_PERIOD,DALHART 6 SW,36.0072,-102.6133,1219.2,TX
USC00412239,0,1827,0.0,0,0,1827,0.0,0,0,1827,0.0,0,0.0,0.0,0,0,NO_DATA_IN_STUDY_PERIOD,DALHART EXP STN,36.0167,-102.5833,1220.1,TX
USC00412243,0,1827,0.0,0,0,1827,0.0,0,0,1827,0.0,0,0.0,0.0,0,0,NO_DATA_IN_STUDY_PERIOD,DALLAS,32.7744,-96.8214,112.5,TX
USC00412228,0,1827,0.0,0,0,1827,0.0,0,0,1827,0.0,0,0.0,0.0,0,0,NO_DATA_IN_STUDY_PERIOD,DALLAS ARBORETUM,32.8167,-96.7167,150.9,TX
USW00013907,0,1827,0.0,0,0,1827,0.0,0,0,1827,0.0,0,0.0,0.0,0,0,NO_DATA_IN_STUDY_PERIOD,DALLAS HENSLEY FLD AFB,32.75,-96.9667,149.0,TX
USW00093901,0,1827,0.0,0,0,1827,0.0,0,0,1827,0.0,0,0.0,0.0,0,0,NO_DATA_IN_STUDY_PERIOD,DALLAS HENSLEY FLD NAS,32.7333,-96.9667,150.0,TX
USW00093928,0,1827,0.0,0,0,1827,0.0,0,0,1827,0.0,0,0.0,0.0,0,0,NO_DATA_IN_STUDY_PERIOD,DALLAS WBO,32.7667,-96.7833,195.1,TX
USC00412247,0,1827,0.0,0,0,1827,0.0,0,0,1827,0.0,0,0.0,0.0,0,0,NO_DATA_IN_STUDY_PERIOD,DALLAS WFAA,32.7667,-96.7833,146.0,TX
USC00412282,0,1827,0.0,0,0,1827,0.0,0,0,1827,0.0,0,0.0,0.0,0,0,NO_DATA_IN_STUDY_PERIOD,DARROUZETT,36.4439,-100.3317,783.9,TX
USC00412350,0,1827,0.0,0,0,1827,0.0,0,0,1827,0.0,0,0.0,0.0,0,0,NO_DATA_IN_STUDY_PERIOD,DE LEON 5SW,32.0783,-98.6058,374.3,TX
USC00412310,0,1827,0.0,0,0,1827,0.0,0,0,1827,0.0,0,0.0,0.0,0,0,NO_DATA_IN_STUDY_PERIOD,DEAN,35.0333,-102.2,-999.9,TX
USC00412352,0,1827,0.0,0,0,1827,0.0,0,0,1827,0.0,0,0.0,0.0,0,0,NO_DATA_IN_STUDY_PERIOD,DEKALB,33.4797,-94.6175,103.9,TX
USC00412364,0,1827,0.0,0,0,1827,0.0,0,0,1827,0.0,0,0.0,0.0,0,0,NO_DATA_IN_STUDY_PERIOD,DEL RIO 4 SW,29.3317,-100.9297,264.9,TX
USW00022004,0,1827,0.0,0,0,1827,0.0,0,0,1827,0.0,0,0.0,0.0,0,0,NO_DATA_IN_STUDY_PERIOD,DEL RIO WB CITY,29.3667,-100.9,292.9,TX
USC00412354,0,1827,0.0,0,0,1827,0.0,0,0,1827,0.0,0,0.0,0.0,0,0,NO_DATA_IN_STUDY_PERIOD,DELL CITY 5SSW,31.9147,-105.2097,1130.2,TX
USC00412394,0,1827,0.0,0,0,1827,0.0,0,0,1827,0.0,0,0.0,0.0,0,0,NO_DATA_IN_STUDY_PERIOD,DENISON DAM,33.8167,-96.5667,186.8,TX
USC00412403,0,1827,0.0,0,0,1827,0.0,0,0,1827,0.0,0,0.0,0.0,0,0,NO_DATA_IN_STUDY_PERIOD,DENTON,33.2333,-97.1333,200.9,TX
USC00412430,0,1827,0.0,0,0,1827,0.0,0,0,1827,0.0,0,0.0,0.0,0,0,NO_DATA_IN_STUDY_PERIOD,DEVINE,29.15,-98.9,210.0,TX
USC00412444,0,1827,0.0,0,0,1827,0.0,0,0,1827,0.0,0,0.0,0.0,0,0,NO_DATA_IN_STUDY_PERIOD,DIALVILLE 2 W,31.8614,-95.2619,187.8,TX
USC00412448,0,1827,0.0,0,0,1827,0.0,0,0,1827,0.0,0,0.0,0.0,0,0,NO_DATA_IN_STUDY_PERIOD,DICKENS,33.6167,-100.8333,784.9,TX
USC00412458,0,1827,0.0,0,0,1827,0.0,0,0,1827,0.0,0,0.0,0.0,0,0,NO_DATA_IN_STUDY_PERIOD,DILLEY,28.6806,-99.1833,167.6,TX
USC00412485,0,1827,0.0,0,0,1827,0.0,0,0,1827,0.0,0,0.0,0.0,0,0,NO_DATA_IN_STUDY_PERIOD,DOG CANYON,31.9961,-104.8333,1909.6,TX
USC00412518,0,1827,0.0,0,0,1827,0.0,0,0,1827,0.0,0,0.0,0.0,0,0,NO_DATA_IN_STUDY_PERIOD,DONNA,26.1728,-98.0786,23.5,TX
USC00412558,0,1827,0.0,0,0,1827,0.0,0,0,1827,0.0,0,0.0,0.0,0,0,NO_DATA_IN_STUDY_PERIOD,DOUGLASS 1 S,31.6481,-94.8997,117.3,TX
USC00412587,0,1827,0.0,0,0,1827,0.0,0,0,1827,0.0,0,0.0,0.0,0,0,NO_DATA_IN_STUDY_PERIOD,DRISCOLL,27.6722,-97.7522,19.2,TX
USC00412590,0,1827,0.0,0,0,1827,0.0,0,0,1827,0.0,0,0.0,0.0,0,0,NO_DATA_IN_STUDY_PERIOD,DRYDEN,30.05,-102.1167,667.5,TX
USC00412593,0,1827,0.0,0,0,1827,0.0,0,0,1827,0.0,0,0.0,0.0,0,0,NO_DATA_IN_STUDY_PERIOD,DRYDEN 10 NE,30.2,-101.8333,694.9,TX
USC00412598,0,1827,0.0,0,0,1827,0.0,0,0,1827,0.0,0,0.0,0.0,0,0,NO_DATA_IN_STUDY_PERIOD,DUBLIN 2SE,32.0628,-98.3047,447.4,TX
USC00412655,0,1827,0.0,0,0,1827,0.0,0,0,1827,0.0,0,0.0,0.0,0,0,NO_DATA_IN_STUDY_PERIOD,DUVAL,30.4167,-97.7333,198.1,TX
USC00412677,0,1827,0.0,0,0,1827,0.0,0,0,1827,0.0,0,0.0,0.0,0,0,NO_DATA_IN_STUDY_PERIOD,EAGLE MTN LAKE,32.8692,-97.4497,231.6,TX
USC00412679,0,1827,0.0,0,0,1827,0.0,0,0,1827,0.0,0,0.0,0.0,0,0,NO_DATA_IN_STUDY_PERIOD,EAGLE PASS 3N,28.7569,-100.4792,247.5,TX
USC00412695,0,1827,0.0,0,0,1827,0.0,0,0,1827,0.0,0,0.0,0.0,0,0,NO_DATA_IN_STUDY_PERIOD,EAST COLUMBIA,29.15,-95.6167,14.9,TX
USC00412715,0,1827,0.0,0,0,1827,0.0,0,0,1827,0.0,0,0.0,0.0,0,0,NO_DATA_IN_STUDY_PERIOD,EASTLAND,32.3989,-98.8175,438.3,TX
USC00412744,0,1827,0.0,0,0,1827,0.0,0,0,1827,0.0,0,0.0,0.0,0,0,NO_DATA_IN_STUDY_PERIOD,EDEN 2,31.2167,-99.85,630.9,TX
USC00412769,0,1827,0.0,0,0,1827,0.0,0,0,1827,0.0,0,0.0,0.0,0,0,NO_DATA_IN_STUDY_PERIOD,EDNA 3 SW,28.95,-96.6833,21.0,TX
USC00412768,0,1827,0.0,0,0,1827,0.0,0,0,1827,0.0,0,0.0,0.0,0,0,NO_DATA_IN_STUDY_PERIOD,EDNA HWY 59 BRG,28.9667,-96.6833,20.7,TX
USW00023080,0,1827,0.0,0,0,1827,0.0,0,0,1827,0.0,0,0.0,0.0,0,0,NO_DATA_IN_STUDY_PERIOD,EL PASO,31.7833,-106.5,1150.0,TX
USC00412793,0,1827,0.0,0,0,1827,0.0,0,0,1827,0.0,0,0.0,0.0,0,0,NO_DATA_IN_STUDY_PERIOD,EL PASO #2,31.8117,-106.3708,1194.2,TX
USC00412794,0,1827,0.0,0,0,1827,0.0,0,0,1827,0.0,0,0.0,0.0,0,0,NO_DATA_IN_STUDY_PERIOD,EL PASO 32 ENE,31.8347,-105.9608,1597.2,TX
USC00412879,0,1827,0.0,0,0,1827,0.0,0,0,1827,0.0,0,0.0,0.0,0,0,NO_DATA_IN_STUDY_PERIOD,EL SAUZ,26.5747,-98.8708,62.2,TX
USC00412816,0,1827,0.0,0,0,1827,0.0,0,0,1827,0.0,0,0.0,0.0,0,0,NO_DATA_IN_STUDY_PERIOD,ELDORADO 10W,30.8192,-100.7572,743.7,TX
USC00412812,0,1827,0.0,0,0,1827,0.0,0,0,1827,0.0,0,0.0,0.0,0,0,NO_DATA_IN_STUDY_PERIOD,ELDORADO 11 NW,30.9667,-100.7,759.0,TX
USC00412815,0,1827,0.0,0,0,1827,0.0,0,0,1827,0.0,0,0.0,0.0,0,0,NO_DATA_IN_STUDY_PERIOD,ELDORADO 12N,31.0369,-100.5911,725.4,TX
USC00412792,0,1827,0.0,0,0,1827,0.0,0,0,1827,0.0,0,0.0,0.0,0,0,NO_DATA_IN_STUDY_PERIOD,ELDORADO 2 SE,30.8333,-100.5833,742.2,TX
USC00412818,0,1827,0.0,0,0,1827,0.0,0,0,1827,0.0,0,0.0,0.0,0,0,NO_DATA_IN_STUDY_PERIOD,ELECTRA,34.0308,-98.9117,370.6,TX
USC00412850,0,1827,0.0,0,0,1827,0.0,0,0,1827,0.0,0,0.0,0.0,0,0,NO_DATA_IN_STUDY_PERIOD,ELMENDORF,29.4167,-98.3333,214.0,TX
USC00412902,0,1827,0.0,0,0,1827,0.0,0,0,1827,0.0,0,0.0,0.0,0,0,NO_DATA_IN_STUDY_PERIOD,EMORY,32.8711,-95.7797,147.5,TX
USC00412917,0,1827,0.0,0,0,1827,0.0,0,0,1827,0.0,0,0.0,0.0,0,0,NO_DATA_IN_STUDY_PERIOD,ENGLEMAN GARDENS,26.3333,-98.0167,21.0,TX
USC00412950,0,1827,0.0,0,0,1827,0.0,0,0,1827,0.0,0,0.0,0.0,0,0,NO_DATA_IN_STUDY_PERIOD,ESCOBAS,27.0267,-98.9808,125.0,TX
USC00412965,0,1827,0.0,0,0,1827,0.0,0,0,1827,0.0,0,0.0,0.0,0,0,NO_DATA_IN_STUDY_PERIOD,ESTELLE,32.8667,-97.0167,-999.9,TX
USC00413000,0,1827,0.0,0,0,1827,0.0,0,0,1827,0.0,0,0.0,0.0,0,0,NO_DATA_IN_STUDY_PERIOD,EVADALE,30.3333,-94.0833,10.1,TX
USC00413005,0,1827,0.0,0,0,1827,0.0,0,0,1827,0.0,0,0.0,0.0,0,0,NO_DATA_IN_STUDY_PERIOD,EVANT 1SSW,31.4625,-98.1619,379.5,TX
USC00413033,0,1827,0.0,0,0,1827,0.0,0,0,1827,0.0,0,0.0,0.0,0,0,NO_DATA_IN_STUDY_PERIOD,FABENS,31.5,-106.15,1100.9,TX
USC00413047,0,1827,0.0,0,0,1827,0.0,0,0,1827,0.0,0,0.0,0.0,0,0,NO_DATA_IN_STUDY_PERIOD,FAIRFIELD 3W,31.7322,-96.2078,131.7,TX
USC00413080,0,1827,0.0,0,0,1827,0.0,0,0,1827,0.0,0,0.0,0.0,0,0,NO_DATA_IN_STUDY_PERIOD,FARMERSVILLE,33.1414,-96.2933,191.4,TX
USC00413192,0,1827,0.0,0,0,1827,0.0,0,0,1827,0.0,0,0.0,0.0,0,0,NO_DATA_IN_STUDY_PERIOD,FLINT,32.2,-95.35,146.0,TX
USC00413201,0,1827,0.0,0,0,1827,0.0,0,0,1827,0.0,0,0.0,0.0,0,0,NO_DATA_IN_STUDY_PERIOD,FLORESVILLE,29.1333,-98.1628,121.9,TX
USC00413270,0,1827,0.0,0,0,1827,0.0,0,0,1827,0.0,0,0.0,0.0,0,0,NO_DATA_IN_STUDY_PERIOD,FORT MCKAVETT,30.8272,-100.1097,661.7,TX
USC00413299,0,1827,0.0,0,0,1827,0.0,0,0,1827,0.0,0,0.0,0.0,0,0,NO_DATA_IN_STUDY_PERIOD,FOWLERTON,28.5033,-98.8392,91.4,TX
USC00413321,0,1827,0.0,0,0,1827,0.0,0,0,1827,0.0,0,0.0,0.0,0,0,NO_DATA_IN_STUDY_PERIOD,FRANKLIN,31.0328,-96.4889,142.3,TX
USC00413325,0,1827,0.0,0,0,1827,0.0,0,0,1827,0.0,0,0.0,0.0,0,0,NO_DATA_IN_STUDY_PERIOD,FRANKSTON 3 WNW,32.0667,-95.55,131.1,TX
USC00413267,0,1827,0.0,0,0,1827,0.0,0,0,1827,0.0,0,0.0,0.0,0,0,NO_DATA_IN_STUDY_PERIOD,FT MC INTOSH,27.5,-99.5167,139.9,TX
USC00413277,0,1827,0.0,0,0,1827,0.0,0,0,1827,0.0,0,0.0,0.0,0,0,NO_DATA_IN_STUDY_PERIOD,FT STOCKTON 1,30.8833,-102.8833,929.9,TX
USW00093903,0,1827,0.0,0,0,1827,0.0,0,0,1827,0.0,0,0.0,0.0,0,0,NO_DATA_IN_STUDY_PERIOD,FT WORTH EAGLE MT LK,32.9833,-97.4833,232.0,TX
USC00413286,0,1827,0.0,0,0,1827,0.0,0,0,1827,0.0,0,0.0,0.0,0,0,NO_DATA_IN_STUDY_PERIOD,FT WORTH VICKERY BLV,32.7333,-97.3333,200.9,TX
USC00413415,0,1827,0.0,0,0,1827,0.0,0,0,1827,0.0,0,0.0,0.0,0,0,NO_DATA_IN_STUDY_PERIOD,GAINESVILLE,33.6358,-97.1447,237.7,TX
USW00012944,0,1827,0.0,0,0,1827,0.0,0,0,1827,0.0,0,0.0,0.0,0,0,NO_DATA_IN_STUDY_PERIOD,GALVESTON,29.3,-94.8,2.1,TX
USC00413442,0,1827,0.0,0,0,1827,0.0,0,0,1827,0.0,0,0.0,0.0,0,0,NO_DATA_IN_STUDY_PERIOD,GARCIA LAKE 12 ENE,34.9167,-102.7333,1260.0,TX
USC00413444,0,1827,0.0,0,0,1827,0.0,0,0,1827,0.0,0,0.0,0.0,0,0,NO_DATA_IN_STUDY_PERIOD,GARCIASVILLE 2 ESE,26.3231,-98.6778,53.3,TX
USC00413445,0,1827,0.0,0,0,1827,0.0,0,0,1827,0.0,0,0.0,0.0,0,0,NO_DATA_IN_STUDY_PERIOD,GARDEN CITY,31.8667,-101.4814,809.2,TX
USC00413506,0,1827,0.0,0,0,1827,0.0,0,0,1827,0.0,0,0.0,0.0,0,0,NO_DATA_IN_STUDY_PERIOD,GEORGETOWN,30.6333,-97.6833,228.0,TX
USC00413546,0,1827,0.0,0,0,1827,0.0,0,0,1827,0.0,0,0.0,0.0,0,0,NO_DATA_IN_STUDY_PERIOD,GILMER 4 WNW,32.7464,-95.0497,118.9,TX
USC00413565,0,1827,0.0,0,0,1827,0.0,0,0,1827,0.0,0,0.0,0.0,0,0,NO_DATA_IN_STUDY_PERIOD,GLADEWATER 3 WSW,32.5269,-94.96,74.4,TX
USC00413591,0,1827,0.0,0,0,1827,0.0,0,0,1827,0.0,0,0.0,0.0,0,0,NO_DATA_IN_STUDY_PERIOD,GLEN ROSE 2 W,32.2342,-97.7853,199.6,TX
USC00413618,0,1827,0.0,0,0,1827,0.0,0,0,1827,0.0,0,0.0,0.0,0,0,NO_DATA_IN_STUDY_PERIOD,GOLIAD,28.6617,-97.385,43.3,TX
USC00413623,0,1827,0.0,0,0,1827,0.0,0,0,1827,0.0,0,0.0,0.0,0,0,NO_DATA_IN_STUDY_PERIOD,GONZALES 2,29.5,-97.45,92.0,TX
USC00413640,0,1827,0.0,0,0,1827,0.0,0,0,1827,0.0,0,0.0,0.0,0,0,NO_DATA_IN_STUDY_PERIOD,GOOSE CREEK,29.7333,-94.9667,7.0,TX
USC00413639,0,1827,0.0,0,0,1827,0.0,0,0,1827,0.0,0,0.0,0.0,0,0,NO_DATA_IN_STUDY_PERIOD,GORDON 1SW,32.5408,-98.3814,311.2,TX
USC00413644,0,1827,0.0,0,0,1827,0.0,0,0,1827,0.0,0,0.0,0.0,0,0,NO_DATA_IN_STUDY_PERIOD,GORHAM,31.65,-97.2167,159.7,TX
USC00413668,0,1827,0.0,0,0,1827,0.0,0,0,1827,0.0,0,0.0,0.0,0,0,NO_DATA_IN_STUDY_PERIOD,GRAHAM,33.1203,-98.5669,328.6,TX
USC00413673,0,1827,0.0,0,0,1827,0.0,0,0,1827,0.0,0,0.0,0.0,0,0,NO_DATA_IN_STUDY_PERIOD,GRANBURY 2 ENE,32.45,-97.75,220.1,TX
USC00413680,0,1827,0.0,0,0,1827,0.0,0,0,1827,0.0,0,0.0,0.0,0,0,NO_DATA_IN_STUDY_PERIOD,GRANDFALLS 3SSE,31.3028,-102.8222,739.1,TX
USC00413689,0,1827,0.0,0,0,1827,0.0,0,0,1827,0.0,0,0.0,0.0,0,0,NO_DATA_IN_STUDY_PERIOD,GRAPELAND,31.4833,-95.4833,146.0,TX
USC00413770,0,1827,0.0,0,0,1827,0.0,0,0,1827,0.0,0,0.0,0.0,0,0,NO_DATA_IN_STUDY_PERIOD,GROESBECK,31.5167,-96.5333,143.0,TX
USC00413776,0,1827,0.0,0,0,1827,0.0,0,0,1827,0.0,0,0.0,0.0,0,0,NO_DATA_IN_STUDY_PERIOD,GROESBECK 7SE,31.4406,-96.4825,154.8,TX
USC00413778,0,1827,0.0,0,0,1827,0.0,0,0,1827,0.0,0,0.0,0.0,0,0,NO_DATA_IN_STUDY_PERIOD,GROVETON,31.1964,-95.1461,106.7,TX
USC00413862,0,1827,0.0,0,0,1827,0.0,0,0,1827,0.0,0,0.0,0.0,0,0,NO_DATA_IN_STUDY_PERIOD,HALE CTR,34.0833,-101.85,1046.1,TX
USC00413884,0,1827,0.0,0,0,1827,0.0,0,0,1827,0.0,0,0.0,0.0,0,0,NO_DATA_IN_STUDY_PERIOD,HAMILTON,31.7089,-98.115,348.4,TX
USC00413922,0,1827,0.0,0,0,1827,0.0,0,0,1827,0.0,0,0.0,0.0,0,0,NO_DATA_IN_STUDY_PERIOD,HAPPY,34.7333,-101.85,1104.0,TX
USC00413979,0,1827,0.0,0,0,1827,0.0,0,0,1827,0.0,0,0.0,0.0,0,0,NO_DATA_IN_STUDY_PERIOD,HARTLEY,35.8783,-102.385,1184.8,TX
USC00413981,0,1827,0.0,0,0,1827,0.0,0,0,1827,0.0,0,0.0,0.0,0,0,NO_DATA_IN_STUDY_PERIOD,HARTLEY 4 ESE,35.8656,-102.3319,1190.2,TX
USC00413994,0,1827,0.0,0,0,1827,0.0,0,0,1827,0.0,0,0.0,0.0,0,0,NO_DATA_IN_STUDY_PERIOD,HASKELL 6 NW,33.2333,-99.8,519.1,TX
USC00413995,0,1827,0.0,0,0,1827,0.0,0,0,1827,0.0,0,0.0,0.0,0,0,NO_DATA_IN_STUDY_PERIOD,HASKELL SCS,33.0667,-99.6167,473.0,TX
USC00413998,0,1827,0.0,0,0,1827,0.0,0,0,1827,0.0,0,0.0,0.0,0,0,NO_DATA_IN_STUDY_PERIOD,HASLET,32.9867,-97.3722,229.5,TX
USC00414051,0,1827,0.0,0,0,1827,0.0,0,0,1827,0.0,0,0.0,0.0,0,0,NO_DATA_IN_STUDY_PERIOD,HEATH CANYON,29.4481,-102.8283,536.4,TX
USC00414058,0,1827,0.0,0,0,1827,0.0,0,0,1827,0.0,0,0.0,0.0,0,0,NO_DATA_IN_STUDY_PERIOD,HEBBRONVILLE,27.3194,-98.6775,176.8,TX
USC00414076,0,1827,0.0,0,0,1827,0.0,0,0,1827,0.0,0,0.0,0.0,0,0,NO_DATA_IN_STUDY_PERIOD,HEMPHILL,31.35,-93.8333,91.4,TX
USC00414077,0,1827,0.0,0,0,1827,0.0,0,0,1827,0.0,0,0.0,0.0,0,0,NO_DATA_IN_STUDY_PERIOD,HEMPHILL 6 NE,31.4072,-93.7842,54.9,TX
USC00414080,0,1827,0.0,0,0,1827,0.0,0,0,1827,0.0,0,0.0,0.0,0,0,NO_DATA_IN_STUDY_PERIOD,HEMPSTEAD,30.1,-96.0833,76.5,TX
USC00414093,0,1827,0.0,0,0,1827,0.0,0,0,1827,0.0,0,0.0,0.0,0,0,NO_DATA_IN_STUDY_PERIOD,HENRIETTA,33.8128,-98.2003,283.5,TX
USC00414137,0,1827,0.0,0,0,1827,0.0,0,0,1827,0.0,0,0.0,0.0,0,0,NO_DATA_IN_STUDY_PERIOD,HICO,31.9844,-98.0311,317.9,TX
USC00414150,0,1827,0.0,0,0,1827,0.0,0,0,1827,0.0,0,0.0,0.0,0,0,NO_DATA_IN_STUDY_PERIOD,HIGHBANK,31.1667,-96.8167,107.0,TX
USC00414185,0,1827,0.0,0,0,1827,0.0,0,0,1827,0.0,0,0.0,0.0,0,0,NO_DATA_IN_STUDY_PERIOD,HILL'S RANCH,30.2333,-97.6833,144.8,TX
USC00414194,0,1827,0.0,0,0,1827,0.0,0,0,1827,0.0,0,0.0,0.0,0,0,NO_DATA_IN_STUDY_PERIOD,HITCHCOCK,29.35,-95.0167,6.1,TX
USC00414202,0,1827,0.0,0,0,1827,0.0,0,0,1827,0.0,0,0.0,0.0,0,0,NO_DATA_IN_STUDY_PERIOD,HOLLY LAKE RCH,32.7275,-95.1925,150.9,TX
USW00012903,0,1827,0.0,0,0,1827,0.0,0,0,1827,0.0,0,0.0,0.0,0,0,NO_DATA_IN_STUDY_PERIOD,HONDO AFB,29.35,-99.1667,280.1,TX
USW00012906,0,1827,0.0,0,0,1827,0.0,0,0,1827,0.0,0,0.0,0.0,0,0,NO_DATA_IN_STUDY_PERIOD,HOUSTON ELLINGTON AFB,29.6167,-95.1667,11.9,TX
USC00414328,0,1827,0.0,0,0,1827,0.0,0,0,1827,0.0,0,0.0,0.0,0,0,NO_DATA_IN_STUDY_PERIOD,HOUSTON SAN JACINTO DA,29.9167,-95.15,17.7,TX
USW00012945,0,1827,0.0,0,0,1827,0.0,0,0,1827,0.0,0,0.0,0.0,0,0,NO_DATA_IN_STUDY_PERIOD,HOUSTON WB CITY,29.7667,-95.3667,15.8,TX
USC00414326,0,1827,0.0,0,0,1827,0.0,0,0,1827,0.0,0,0.0,0.0,0,0,NO_DATA_IN_STUDY_PERIOD,HOUSTON-PORT,29.7456,-95.28,5.8,TX
USC00414337,0,1827,0.0,0,0,1827,0.0,0,0,1827,0.0,0,0.0,0.0,0,0,NO_DATA_IN_STUDY_PERIOD,HUBBARD,31.85,-96.8,152.4,TX
USC00414348,0,1827,0.0,0,0,1827,0.0,0,0,1827,0.0,0,0.0,0.0,0,0,NO_DATA_IN_STUDY_PERIOD,HUDSPETH RVR RCH,30.0047,-101.1772,478.5,TX
USC00414358,0,1827,0.0,0,0,1827,0.0,0,0,1827,0.0,0,0.0,0.0,0,0,NO_DATA_IN_STUDY_PERIOD,HULEN,29.4333,-95.0167,-999.9,TX
USC00414397,0,1827,0.0,0,0,1827,0.0,0,0,1827,0.0,0,0.0,0.0,0,0,NO_DATA_IN_STUDY_PERIOD,HYATT,30.5667,-94.4,34.1,TX
USC00414440,0,1827,0.0,0,0,1827,0.0,0,0,1827,0.0,0,0.0,0.0,0,0,NO_DATA_IN_STUDY_PERIOD,INDIAN GAP,31.6667,-98.4167,480.1,TX
USC00414471,0,1827,0.0,0,0,1827,0.0,0,0,1827,0.0,0,0.0,0.0,0,0,NO_DATA_IN_STUDY_PERIOD,IOWA PARK EXP STN,33.9167,-98.65,299.0,TX
USC00414474,0,1827,0.0,0,0,1827,0.0,0,0,1827,0.0,0,0.0,0.0,0,0,NO_DATA_IN_STUDY_PERIOD,IRA,32.5833,-101.0,-999.9,TX
USC00414483,0,1827,0.0,0,0,1827,0.0,0,0,1827,0.0,0,0.0,0.0,0,0,NO_DATA_IN_STUDY_PERIOD,IRON BRG DAM,32.8167,-95.9167,137.2,TX
USC00414524,0,1827,0.0,0,0,1827,0.0,0,0,1827,0.0,0,0.0,0.0,0,0,NO_DATA_IN_STUDY_PERIOD,JACKSONVILLE EXP STN,31.9833,-95.2833,200.9,TX
USC00414531,0,1827,0.0,0,0,1827,0.0,0,0,1827,0.0,0,0.0,0.0,0,0,NO_DATA_IN_STUDY_PERIOD,JAMAICA BEACH,29.1967,-94.9883,1.2,TX
USC00414564,0,1827,0.0,0,0,1827,0.0,0,0,1827,0.0,0,0.0,0.0,0,0,NO_DATA_IN_STUDY_PERIOD,JASPER 2 E,30.9167,-93.9667,67.1,TX
USC00414575,0,1827,0.0,0,0,1827,0.0,0,0,1827,0.0,0,0.0,0.0,0,0,NO_DATA_IN_STUDY_PERIOD,JEDDO 3S,29.7664,-97.3164,126.5,TX
USC00414591,0,1827,0.0,0,0,1827,0.0,0,0,1827,0.0,0,0.0,0.0,0,0,NO_DATA_IN_STUDY_PERIOD,JEWETT,31.35,-96.15,155.4,TX
USC00414609,0,1827,0.0,0,0,1827,0.0,0,0,1827,0.0,0,0.0,0.0,0,0,NO_DATA_IN_STUDY_PERIOD,JOHNSON RANCH (B),29.0167,-103.3833,624.8,TX
USC00414647,0,1827,0.0,0,0,1827,0.0,0,0,1827,0.0,0,0.0,0.0,0,0,NO_DATA_IN_STUDY_PERIOD,JOURDANTON,28.9122,-98.5425,157.9,TX
USC00414672,0,1827,0.0,0,0,1827,0.0,0,0,1827,0.0,0,0.0,0.0,0,0,NO_DATA_IN_STUDY_PERIOD,JUNO,30.15,-101.1167,548.9,TX
USC00414674,0,1827,0.0,0,0,1827,0.0,0,0,1827,0.0,0,0.0,0.0,0,0,NO_DATA_IN_STUDY_PERIOD,JUNO 10 NNE,30.2833,-101.0833,641.0,TX
USC00414675,0,1827,0.0,0,0,1827,0.0,0,0,1827,0.0,0,0.0,0.0,0,0,NO_DATA_IN_STUDY_PERIOD,JUNO 4 S,30.0833,-101.1167,554.7,TX
USC00414710,0,1827,0.0,0,0,1827,0.0,0,0,1827,0.0,0,0.0,0.0,0,0,NO_DATA_IN_STUDY_PERIOD,K-BAR RCH,31.6728,-102.4133,892.1,TX
USC00414682,0,1827,0.0,0,0,1827,0.0,0,0,1827,0.0,0,0.0,0.0,0,0,NO_DATA_IN_STUDY_PERIOD,KAFFIE RCH,27.0833,-98.5833,146.0,TX
USC00414693,0,1827,0.0,0,0,1827,0.0,0,0,1827,0.0,0,0.0,0.0,0,0,NO_DATA_IN_STUDY_PERIOD,KARNACK,32.6664,-94.1781,77.7,TX
USC00414696,0,1827,0.0,0,0,1827,0.0,0,0,1827,0.0,0,0.0,0.0,0,0,NO_DATA_IN_STUDY_PERIOD,KARNES CITY 2N,28.9069,-97.8756,137.2,TX
USC00414708,0,1827,0.0,0,0,1827,0.0,0,0,1827,0.0,0,0.0,0.0,0,0,NO_DATA_IN_STUDY_PERIOD,KAUFMAN 13ENE,32.6139,-96.1394,153.0,TX
USC00414705,0,1827,0.0,0,0,1827,0.0,0,0,1827,0.0,0,0.0,0.0,0,0,NO_DATA_IN_STUDY_PERIOD,KAUFMAN 3 SE,32.5589,-96.2725,128.0,TX
USC00414745,0,1827,0.0,0,0,1827,0.0,0,0,1827,0.0,0,0.0,0.0,0,0,NO_DATA_IN_STUDY_PERIOD,KEMPNER,31.0833,-98.0,281.9,TX
USC00414752,0,1827,0.0,0,0,1827,0.0,0,0,1827,0.0,0,0.0,0.0,0,0,NO_DATA_IN_STUDY_PERIOD,KENEDY,28.8167,-97.85,85.0,TX
USC00414761,0,1827,0.0,0,0,1827,0.0,0,0,1827,0.0,0,0.0,0.0,0,0,NO_DATA_IN_STUDY_PERIOD,KENNEDALE 6 SSW,32.55,-97.2333,225.9,TX
USC00414767,0,1827,0.0,0,0,1827,0.0,0,0,1827,0.0,0,0.0,0.0,0,0,NO_DATA_IN_STUDY_PERIOD,KENT 5 E,31.0667,-104.15,1275.0,TX
USC00414780,0,1827,0.0,0,0,1827,0.0,0,0,1827,0.0,0,0.0,0.0,0,0,NO_DATA_IN_STUDY_PERIOD,KERRVILLE,30.05,-99.15,499.9,TX
USW00013955,0,1827,0.0,0,0,1827,0.0,0,0,1827,0.0,0,0.0,0.0,0,0,NO_DATA_IN_STUDY_PERIOD,KILEEN FT HOOD S AAF,31.1333,-97.7167,281.9,TX
USC00414791,0,1827,0.0,0,0,1827,0.0,0,0,1827,0.0,0,0.0,0.0,0,0,NO_DATA_IN_STUDY_PERIOD,KILLEEN,31.1167,-97.7,244.1,TX
USC00414819,0,1827,0.0,0,0,1827,0.0,0,0,1827,0.0,0,0.0,0.0,0,0,NO_DATA_IN_STUDY_PERIOD,KIRBYVILLE,30.6167,-93.9167,61.0,TX
USC00414841,0,1827,0.0,0,0,1827,0.0,0,0,1827,0.0,0,0.0,0.0,0,0,NO_DATA_IN_STUDY_PERIOD,KNAPP 2 SW,32.6258,-101.1503,698.0,TX
USC00414848,0,1827,0.0,0,0,1827,0.0,0,0,1827,0.0,0,0.0,0.0,0,0,NO_DATA_IN_STUDY_PERIOD,KNICKERBOCKER,31.2667,-100.6333,624.8,TX
USC00414852,0,1827,0.0,0,0,1827,0.0,0,0,1827,0.0,0,0.0,0.0,0,0,NO_DATA_IN_STUDY_PERIOD,KNOX CITY,33.4167,-99.8167,467.0,TX
USC00414903,0,1827,0.0,0,0,1827,0.0,0,0,1827,0.0,0,0.0,0.0,0,0,NO_DATA_IN_STUDY_PERIOD,LA GRANGE,29.9175,-96.8769,108.8,TX
USC00414931,0,1827,0.0,0,0,1827,0.0,0,0,1827,0.0,0,0.0,0.0,0,0,NO_DATA_IN_STUDY_PERIOD,LA TUNA 1 S,31.9836,-106.5914,1179.6,TX
USC00414934,0,1827,0.0,0,0,1827,0.0,0,0,1827,0.0,0,0.0,0.0,0,0,NO_DATA_IN_STUDY_PERIOD,LA VERNIA,29.3667,-98.1,146.0,TX
USC00414974,0,1827,0.0,0,0,1827,0.0,0,0,1827,0.0,0,0.0,0.0,0,0,NO_DATA_IN_STUDY_PERIOD,LAKE COLORADO CITY,32.3333,-100.9167,640.1,TX
USC00414978,0,1827,0.0,0,0,1827,0.0,0,0,1827,0.0,0,0.0,0.0,0,0,NO_DATA_IN_STUDY_PERIOD,LAKE KICKAPOO,33.6667,-98.7833,323.1,TX
USC00414979,0,1827,0.0,0,0,1827,0.0,0,0,1827,0.0,0,0.0,0.0,0,0,NO_DATA_IN_STUDY_PERIOD,LAKE PALO PINTO,32.6433,-98.3181,274.3,TX
USC00415016,0,1827,0.0,0,0,1827,0.0,0,0,1827,0.0,0,0.0,0.0,0,0,NO_DATA_IN_STUDY_PERIOD,LAMKIN,31.8167,-98.2667,304.8,TX
USC00415018,0,1827,0.0,0,0,1827,0.0,0,0,1827,0.0,0,0.0,0.0,0,0,NO_DATA_IN_STUDY_PERIOD,LAMPASAS,31.0717,-98.1847,314.6,TX
USC00415049,0,1827,0.0,0,0,1827,0.0,0,0,1827,0.0,0,0.0,0.0,0,0,NO_DATA_IN_STUDY_PERIOD,LANGTRY 2,29.8,-101.5667,409.0,TX
USW00012920,0,1827,0.0,0,0,1827,0.0,0,0,1827,0.0,0,0.0,0.0,0,0,NO_DATA_IN_STUDY_PERIOD,LAREDO WB AP,27.5333,-99.4667,152.4,TX
USC00415101,0,1827,0.0,0,0,1827,0.0,0,0,1827,0.0,0,0.0,0.0,0,0,NO_DATA_IN_STUDY_PERIOD,LAZY H RCH,32.4669,-101.0683,662.9,TX
USC00415113,0,1827,0.0,0,0,1827,0.0,0,0,1827,0.0,0,0.0,0.0,0,0,NO_DATA_IN_STUDY_PERIOD,LEAKEY,29.7392,-99.7611,494.4,TX
USC00415114,0,1827,0.0,0,0,1827,0.0,0,0,1827,0.0,0,0.0,0.0,0,0,NO_DATA_IN_STUDY_PERIOD,LEAKEY 2,29.7,-99.8333,488.0,TX
USC00415228,0,1827,0.0,0,0,1827,0.0,0,0,1827,0.0,0,0.0,0.0,0,0,NO_DATA_IN_STUDY_PERIOD,LINDALE 5 SE,32.45,-95.3667,167.9,TX
USC00415249,0,1827,0.0,0,0,1827,0.0,0,0,1827,0.0,0,0.0,0.0,0,0,NO_DATA_IN_STUDY_PERIOD,LIPSCOMB NEAR SCS #20,36.2833,-100.35,-999.9,TX
USC00415263,0,1827,0.0,0,0,1827,0.0,0,0,1827,0.0,0,0.0,0.0,0,0,NO_DATA_IN_STUDY_PERIOD,LITTLEFIELD,33.9167,-102.3333,1086.0,TX
USC00415271,0,1827,0.0,0,0,1827,0.0,0,0,1827,0.0,0,0.0,0.0,0,0,NO_DATA_IN_STUDY_PERIOD,LIVINGSTON 2 NNE,30.7394,-94.9256,54.3,TX
USC00415274,0,1827,0.0,0,0,1827,0.0,0,0,1827,0.0,0,0.0,0.0,0,0,NO_DATA_IN_STUDY_PERIOD,LLANO GRANDE,26.2,-97.95,26.2,TX
USC00415284,0,1827,0.0,0,0,1827,0.0,0,0,1827,0.0,0,0.0,0.0,0,0,NO_DATA_IN_STUDY_PERIOD,LOCKHART,29.8858,-97.6917,166.7,TX
USC00415351,0,1827,0.0,0,0,1827,0.0,0,0,1827,0.0,0,0.0,0.0,0,0,NO_DATA_IN_STUDY_PERIOD,LOOP,32.9,-102.4167,989.1,TX
USC00415354,0,1827,0.0,0,0,1827,0.0,0,0,1827,0.0,0,0.0,0.0,0,0,NO_DATA_IN_STUDY_PERIOD,LOOP 10 SE,32.8769,-102.3758,946.1,TX
USC00415398,0,1827,0.0,0,0,1827,0.0,0,0,1827,0.0,0,0.0,0.0,0,0,NO_DATA_IN_STUDY_PERIOD,LOVELADY,31.1333,-95.45,92.0,TX
USC00415412,0,1827,0.0,0,0,1827,0.0,0,0,1827,0.0,0,0.0,0.0,0,0,NO_DATA_IN_STUDY_PERIOD,LUBBOCK 2,33.5833,-101.8833,982.1,TX
USC00415415,0,1827,0.0,0,0,1827,0.0,0,0,1827,0.0,0,0.0,0.0,0,0,NO_DATA_IN_STUDY_PERIOD,LUFKIN 11 NW,31.4269,-94.8942,106.7,TX
USC00415444,0,1827,0.0,0,0,1827,0.0,0,0,1827,0.0,0,0.0,0.0,0,0,NO_DATA_IN_STUDY_PERIOD,LYFORD,26.4,-97.8,-999.9,TX
USC00415454,0,1827,0.0,0,0,1827,0.0,0,0,1827,0.0,0,0.0,0.0,0,0,NO_DATA_IN_STUDY_PERIOD,LYTLE 3W,29.2358,-98.8433,220.1,TX
USC00415492,0,1827,0.0,0,0,1827,0.0,0,0,1827,0.0,0,0.0,0.0,0,0,NO_DATA_IN_STUDY_PERIOD,MAGNET,29.1333,-96.0333,22.3,TX
USC00415550,0,1827,0.0,0,0,1827,0.0,0,0,1827,0.0,0,0.0,0.0,0,0,NO_DATA_IN_STUDY_PERIOD,MANN,31.95,-96.6167,137.2,TX
USC00415561,0,1827,0.0,0,0,1827,0.0,0,0,1827,0.0,0,0.0,0.0,0,0,NO_DATA_IN_STUDY_PERIOD,MANSFIELD DAM,30.4,-97.9167,167.9,TX
USC00415596,0,1827,0.0,0,0,1827,0.0,0,0,1827,0.0,0,0.0,0.0,0,0,NO_DATA_IN_STUDY_PERIOD,MARFA 3W,30.3125,-104.0722,1460.0,TX
USC00415589,0,1827,0.0,0,0,1827,0.0,0,0,1827,0.0,0,0.0,0.0,0,0,NO_DATA_IN_STUDY_PERIOD,MARFA CAA AP,30.25,-103.8833,1481.0,TX
USC00415630,0,1827,0.0,0,0,1827,0.0,0,0,1827,0.0,0,0.0,0.0,0,0,NO_DATA_IN_STUDY_PERIOD,MARYNEAL 4SW,32.2017,-100.5003,783.3,TX
USC00415659,0,1827,0.0,0,0,1827,0.0,0,0,1827,0.0,0,0.0,0.0,0,0,NO_DATA_IN_STUDY_PERIOD,MATAGORDA #2,28.6836,-95.9733,3.0,TX
USC00415670,0,1827,0.0,0,0,1827,0.0,0,0,1827,0.0,0,0.0,0.0,0,0,NO_DATA_IN_STUDY_PERIOD,MAURBRO,28.9167,-96.4667,9.1,TX
USC00415674,0,1827,0.0,0,0,1827,0.0,0,0,1827,0.0,0,0.0,0.0,0,0,NO_DATA_IN_STUDY_PERIOD,MAVERICK RS,29.2833,-103.5,823.9,TX
USC00415770,0,1827,0.0,0,0,1827,0.0,0,0,1827,0.0,0,0.0,0.0,0,0,NO_DATA_IN_STUDY_PERIOD,MC LEAN,35.2361,-100.5922,802.2,TX
USC00415757,0,1827,0.0,0,0,1827,0.0,0,0,1827,0.0,0,0.0,0.0,0,0,NO_DATA_IN_STUDY_PERIOD,MCGREGOR,31.435,-97.4011,220.4,TX
USC00415822,0,1827,0.0,0,0,1827,0.0,0,0,1827,0.0,0,0.0,0.0,0,0,NO_DATA_IN_STUDY_PERIOD,MENARD,30.9044,-99.7867,603.2,TX
USC00415828,0,1827,0.0,0,0,1827,0.0,0,0,1827,0.0,0,0.0,0.0,0,0,NO_DATA_IN_STUDY_PERIOD,MENTONE 2 S,31.6833,-103.6,823.9,TX
USC00415836,0,1827,0.0,0,0,1827,0.0,0,0,1827,0.0,0,0.0,0.0,0,0,NO_DATA_IN_STUDY_PERIOD,MERCEDES 6 SSE,26.0619,-97.8997,22.9,TX
USC00415854,0,1827,0.0,0,0,1827,0.0,0,0,1827,0.0,0,0.0,0.0,0,0,NO_DATA_IN_STUDY_PERIOD,MERRILL RCH,30.5333,-104.05,1667.9,TX
USC00415859,0,1827,0.0,0,0,1827,0.0,0,0,1827,0.0,0,0.0,0.0,0,0,NO_DATA_IN_STUDY_PERIOD,MERTZON,31.2667,-100.8167,679.4,TX
USC00415863,0,1827,0.0,0,0,1827,0.0,0,0,1827,0.0,0,0.0,0.0,0,0,NO_DATA_IN_STUDY_PERIOD,MESQUITE,32.7667,-96.6,-999.9,TX
USC00415869,0,1827,0.0,0,0,1827,0.0,0,0,1827,0.0,0,0.0,0.0,0,0,NO_DATA_IN_STUDY_PERIOD,MEXIA,31.6181,-96.4497,153.3,TX
USC00415875,0,1827,0.0,0,0,1827,0.0,0,0,1827,0.0,0,0.0,0.0,0,0,NO_DATA_IN_STUDY_PERIOD,MIAMI,35.6936,-100.6392,837.3,TX
USC00415887,0,1827,0.0,0,0,1827,0.0,0,0,1827,0.0,0,0.0,0.0,0,0,NO_DATA_IN_STUDY_PERIOD,MIDDLEWELL,35.75,-102.1833,1158.8,TX
USC00415888,0,1827,0.0,0,0,1827,0.0,0,0,1827,0.0,0,0.0,0.0,0,0,NO_DATA_IN_STUDY_PERIOD,MIDKIFF,31.6333,-101.8333,823.0,TX
USC00415955,0,1827,0.0,0,0,1827,0.0,0,0,1827,0.0,0,0.0,0.0,0,0,NO_DATA_IN_STUDY_PERIOD,MINEOLA 2,32.6667,-95.4833,125.0,TX
USC00415956,0,1827,0.0,0,0,1827,0.0,0,0,1827,0.0,0,0.0,0.0,0,0,NO_DATA_IN_STUDY_PERIOD,MINEOLA 8 ENE,32.7167,-95.3667,117.3,TX
USW00003943,0,1827,0.0,0,0,1827,0.0,0,0,1827,0.0,0,0.0,0.0,0,0,NO_DATA_IN_STUDY_PERIOD,MINERAL WELLS WOLTERS AF,32.85,-98.05,253.9,TX
USC00415971,0,1827,0.0,0,0,1827,0.0,0,0,1827,0.0,0,0.0,0.0,0,0,NO_DATA_IN_STUDY_PERIOD,MIRANDO CITY,27.45,-99.0,235.0,TX
USC00415972,0,1827,0.0,0,0,1827,0.0,0,0,1827,0.0,0,0.0,0.0,0,0,NO_DATA_IN_STUDY_PERIOD,MISSION 4 W,26.2167,-98.4,40.5,TX
USC00415999,0,1827,0.0,0,0,1827,0.0,0,0,1827,0.0,0,0.0,0.0,0,0,NO_DATA_IN_STUDY_PERIOD,MONAHANS,31.5414,-102.9122,776.3,TX
USC00416000,0,1827,0.0,0,0,1827,0.0,0,0,1827,0.0,0,0.0,0.0,0,0,NO_DATA_IN_STUDY_PERIOD,MONAHANS 1 NW,31.6,-102.9,801.9,TX
USC00416014,0,1827,0.0,0,0,1827,0.0,0,0,1827,0.0,0,0.0,0.0,0,0,NO_DATA_IN_STUDY_PERIOD,MONTAGUE,33.6667,-97.75,328.9,TX
USC00416078,0,1827,0.0,0,0,1827,0.0,0,0,1827,0.0,0,0.0,0.0,0,0,NO_DATA_IN_STUDY_PERIOD,MOSCOW,30.9167,-94.8333,75.9,TX
USC00416118,0,1827,0.0,0,0,1827,0.0,0,0,1827,0.0,0,0.0,0.0,0,0,NO_DATA_IN_STUDY_PERIOD,MOUNTAIN SPRINGS,33.4833,-97.05,-999.9,TX
USC00416130,0,1827,0.0,0,0,1827,0.0,0,0,1827,0.0,0,0.0,0.0,0,0,NO_DATA_IN_STUDY_PERIOD,MUENSTER,33.6564,-97.3769,315.8,TX
USC00416146,0,1827,0.0,0,0,1827,0.0,0,0,1827,0.0,0,0.0,0.0,0,0,NO_DATA_IN_STUDY_PERIOD,MUNDAY,33.4539,-99.6158,451.1,TX
USC00416434,0,1827,0.0,0,0,1827,0.0,0,0,1827,0.0,0,0.0,0.0,0,0,NO_DATA_IN_STUDY_PERIOD,N FK DAM,30.6764,-97.7208,266.4,TX
USC00416176,0,1827,0.0,0,0,1827,0.0,0,0,1827,0.0,0,0.0,0.0,0,0,NO_DATA_IN_STUDY_PERIOD,NACOGDOCHES,31.6,-94.65,95.1,TX
USC00416205,0,1827,0.0,0,0,1827,0.0,0,0,1827,0.0,0,0.0,0.0,0,0,NO_DATA_IN_STUDY_PERIOD,NATALIA,29.2,-98.85,217.0,TX
USC00416211,0,1827,0.0,0,0,1827,0.0,0,0,1827,0.0,0,0.0,0.0,0,0,NO_DATA_IN_STUDY_PERIOD,NAVASOTA,30.3833,-96.1167,65.8,TX
USC00416215,0,1827,0.0,0,0,1827,0.0,0,0,1827,0.0,0,0.0,0.0,0,0,NO_DATA_IN_STUDY_PERIOD,NAZARETH,34.55,-102.1,1129.0,TX
USC00416271,0,1827,0.0,0,0,1827,0.0,0,0,1827,0.0,0,0.0,0.0,0,0,NO_DATA_IN_STUDY_PERIOD,NEW BOSTON 3 W,33.4667,-94.4667,113.1,TX
USC00416276,0,1827,0.0,0,0,1827,0.0,0,0,1827,0.0,0,0.0,0.0,0,0,NO_DATA_IN_STUDY_PERIOD,NEW BRAUNFELS,29.6597,-98.1636,219.5,TX
USC00416280,0,1827,0.0,0,0,1827,0.0,0,0,1827,0.0,0,0.0,0.0,0,0,NO_DATA_IN_STUDY_PERIOD,NEW CANEY 2 E,30.1375,-95.1783,71.6,TX
USC00416286,0,1827,0.0,0,0,1827,0.0,0,0,1827,0.0,0,0.0,0.0,0,0,NO_DATA_IN_STUDY_PERIOD,NEW GULF,29.2667,-95.895,21.9,TX
USC00416339,0,1827,0.0,0,0,1827,0.0,0,0,1827,0.0,0,0.0,0.0,0,0,NO_DATA_IN_STUDY_PERIOD,NEWTON,30.85,-93.7667,57.9,TX
USC00416435,0,1827,0.0,0,0,1827,0.0,0,0,1827,0.0,0,0.0,0.0,0,0,NO_DATA_IN_STUDY_PERIOD,NORTH GALVESTON,29.3333,-94.7667,-999.9,TX
USC00416478,0,1827,0.0,0,0,1827,0.0,0,0,1827,0.0,0,0.0,0.0,0,0,NO_DATA_IN_STUDY_PERIOD,NOTLA NEAR #2,36.1333,-100.5333,-999.9,TX
USC00416484,0,1827,0.0,0,0,1827,0.0,0,0,1827,0.0,0,0.0,0.0,0,0,NO_DATA_IN_STUDY_PERIOD,NOVICE 1 E,31.9833,-99.6167,604.1,TX
USC00416737,0,1827,0.0,0,0,1827,0.0,0,0,1827,0.0,0,0.0,0.0,0,0,NO_DATA_IN_STUDY_PERIOD,O 2 RCH,29.85,-103.75,1153.1,TX
USC00416499,0,1827,0.0,0,0,1827,0.0,0,0,1827,0.0,0,0.0,0.0,0,0,NO_DATA_IN_STUDY_PERIOD,O C FISHER DAM,31.4539,-100.4933,598.6,TX
USC00416497,0,1827,0.0,0,0,1827,0.0,0,0,1827,0.0,0,0.0,0.0,0,0,NO_DATA_IN_STUDY_PERIOD,OAKWOOD 7 NW,31.6667,-95.9167,102.1,TX
USC00416548,0,1827,0.0,0,0,1827,0.0,0,0,1827,0.0,0,0.0,0.0,0,0,NO_DATA_IN_STUDY_PERIOD,OILTON,27.45,-98.9167,244.1,TX
USC00416636,0,1827,0.0,0,0,1827,0.0,0,0,1827,0.0,0,0.0,0.0,0,0,NO_DATA_IN_STUDY_PERIOD,OLNEY,33.3733,-98.7664,364.2,TX
USC00416649,0,1827,0.0,0,0,1827,0.0,0,0,1827,0.0,0,0.0,0.0,0,0,NO_DATA_IN_STUDY_PERIOD,OMAHA 2 W,33.1836,-94.7792,120.4,TX
USC00416664,0,1827,0.0,0,0,1827,0.0,0,0,1827,0.0,0,0.0,0.0,0,0,NO_DATA_IN_STUDY_PERIOD,ORANGE,30.0858,-93.7417,3.0,TX
USC00416694,0,1827,0.0,0,0,1827,0.0,0,0,1827,0.0,0,0.0,0.0,0,0,NO_DATA_IN_STUDY_PERIOD,ORSON RCH,32.75,-101.6833,808.0,TX
USC00416722,0,1827,0.0,0,0,1827,0.0,0,0,1827,0.0,0,0.0,0.0,0,0,NO_DATA_IN_STUDY_PERIOD,OVERTON,32.2667,-94.9833,152.4,TX
USC00416734,0,1827,0.0,0,0,1827,0.0,0,0,1827,0.0,0,0.0,0.0,0,0,NO_DATA_IN_STUDY_PERIOD,OZONA,30.7169,-101.2061,714.8,TX
USW00003944,0,1827,0.0,0,0,1827,0.0,0,0,1827,0.0,0,0.0,0.0,0,0,NO_DATA_IN_STUDY_PERIOD,PALO PINTO DEMPSEY AF,32.7833,-98.2667,359.1,TX
USW00023053,0,1827,0.0,0,0,1827,0.0,0,0,1827,0.0,0,0.0,0.0,0,0,NO_DATA_IN_STUDY_PERIOD,PAMPA WB AP,35.5333,-100.9667,985.1,TX
USC00416780,0,1827,0.0,0,0,1827,0.0,0,0,1827,0.0,0,0.0,0.0,0,0,NO_DATA_IN_STUDY_PERIOD,PANDALE 1 N,30.2061,-101.5575,514.8,TX
USC00416781,0,1827,0.0,0,0,1827,0.0,0,0,1827,0.0,0,0.0,0.0,0,0,NO_DATA_IN_STUDY_PERIOD,PANDALE 11 NE,30.2678,-101.4533,507.5,TX
USC00416785,0,1827,0.0,0,0,1827,0.0,0,0,1827,0.0,0,0.0,0.0,0,0,NO_DATA_IN_STUDY_PERIOD,PANHANDLE,35.3514,-101.3897,1055.5,TX
USC00416790,0,1827,0.0,0,0,1827,0.0,0,0,1827,0.0,0,0.0,0.0,0,0,NO_DATA_IN_STUDY_PERIOD,PANTER,32.3333,-97.8667,305.1,TX
USC00416825,0,1827,0.0,0,0,1827,0.0,0,0,1827,0.0,0,0.0,0.0,0,0,NO_DATA_IN_STUDY_PERIOD,PASADENA HOUSTON,29.7167,-95.2167,9.1,TX
USC00416836,0,1827,0.0,0,0,1827,0.0,0,0,1827,0.0,0,0.0,0.0,0,0,NO_DATA_IN_STUDY_PERIOD,PATRICIA,32.55,-102.1167,915.0,TX
USC00416892,0,1827,0.0,0,0,1827,0.0,0,0,1827,0.0,0,0.0,0.0,0,0,NO_DATA_IN_STUDY_PERIOD,PECOS,31.4167,-103.5,795.5,TX
USC00416893,0,1827,0.0,0,0,1827,0.0,0,0,1827,0.0,0,0.0,0.0,0,0,NO_DATA_IN_STUDY_PERIOD,PECOS 8W,31.3781,-103.6331,830.3,TX
USC00416932,0,1827,0.0,0,0,1827,0.0,0,0,1827,0.0,0,0.0,0.0,0,0,NO_DATA_IN_STUDY_PERIOD,PENWELL,31.7356,-102.5897,894.0,TX
USW00013923,0,1827,0.0,0,0,1827,0.0,0,0,1827,0.0,0,0.0,0.0,0,0,NO_DATA_IN_STUDY_PERIOD,PERRIN,33.7167,-96.6667,232.9,TX
USC00416960,0,1827,0.0,0,0,1827,0.0,0,0,1827,0.0,0,0.0,0.0,0,0,NO_DATA_IN_STUDY_PERIOD,PERSIMMON GAP 6 E,29.65,-103.0833,772.1,TX
USC00417020,0,1827,0.0,0,0,1827,0.0,0,0,1827,0.0,0,0.0,0.0,0,0,NO_DATA_IN_STUDY_PERIOD,PIERCE 1 E,29.2353,-96.1817,32.0,TX
USC00417028,0,1827,0.0,0,0,1827,0.0,0,0,1827,0.0,0,0.0,0.0,0,0,NO_DATA_IN_STUDY_PERIOD,PILOT POINT ISL DU BOI,33.3658,-97.0122,210.3,TX
USC00417044,0,1827,0.0,0,0,1827,0.0,0,0,1827,0.0,0,0.0,0.0,0,0,NO_DATA_IN_STUDY_PERIOD,PINE SPRINGS,31.8903,-104.8078,1704.1,TX
USC00417040,0,1827,0.0,0,0,1827,0.0,0,0,1827,0.0,0,0.0,0.0,0,0,NO_DATA_IN_STUDY_PERIOD,PINELAND,31.2447,-93.9658,67.1,TX
USC00417066,0,1827,0.0,0,0,1827,0.0,0,0,1827,0.0,0,0.0,0.0,0,0,NO_DATA_IN_STUDY_PERIOD,PITTSBURG 5 SSE,32.9264,-94.9392,111.3,TX
USC00417116,0,1827,0.0,0,0,1827,0.0,0,0,1827,0.0,0,0.0,0.0,0,0,NO_DATA_IN_STUDY_PERIOD,PLEMONS,35.7667,-101.3333,854.0,TX
USC00417173,0,1827,0.0,0,0,1827,0.0,0,0,1827,0.0,0,0.0,0.0,0,0,NO_DATA_IN_STUDY_PERIOD,PORT ARTHUR WB CITY,29.8667,-93.9333,3.0,TX
USC00417183,0,1827,0.0,0,0,1827,0.0,0,0,1827,0.0,0,0.0,0.0,0,0,NO_DATA_IN_STUDY_PERIOD,PORT LAVACA,28.6078,-96.6417,5.5,TX
USC00417182,0,1827,0.0,0,0,1827,0.0,0,0,1827,0.0,0,0.0,0.0,0,0,NO_DATA_IN_STUDY_PERIOD,PORT LAVACA 2,28.6167,-96.6333,6.1,TX
USC00417186,0,1827,0.0,0,0,1827,0.0,0,0,1827,0.0,0,0.0,0.0,0,0,NO_DATA_IN_STUDY_PERIOD,PORT O'CONNOR,28.4342,-96.4278,1.5,TX
USC00417205,0,1827,0.0,0,0,1827,0.0,0,0,1827,0.0,0,0.0,0.0,0,0,NO_DATA_IN_STUDY_PERIOD,POSSUM KINGDOM DAM,32.8667,-98.4333,274.9,TX
USC00417230,0,1827,0.0,0,0,1827,0.0,0,0,1827,0.0,0,0.0,0.0,0,0,NO_DATA_IN_STUDY_PERIOD,POYNOR 1 NE,32.0833,-95.5833,161.8,TX
USC00417262,0,1827,0.0,0,0,1827,0.0,0,0,1827,0.0,0,0.0,0.0,0,0,NO_DATA_IN_STUDY_PERIOD,PRESIDIO,29.5711,-104.3714,795.5,TX
USC00417264,0,1827,0.0,0,0,1827,0.0,0,0,1827,0.0,0,0.0,0.0,0,0,NO_DATA_IN_STUDY_PERIOD,PRESIDIO 2,29.56,-104.3728,783.3,TX
USC00417299,0,1827,0.0,0,0,1827,0.0,0,0,1827,0.0,0,0.0,0.0,0,0,NO_DATA_IN_STUDY_PERIOD,PROVIDENT CITY,29.2833,-96.6333,46.0,TX
USC00417336,0,1827,0.0,0,0,1827,0.0,0,0,1827,0.0,0,0.0,0.0,0,0,NO_DATA_IN_STUDY_PERIOD,QUANAH 2 SW,34.2761,-99.7578,488.3,TX
USC00417358,0,1827,0.0,0,0,1827,0.0,0,0,1827,0.0,0,0.0,0.0,0,0,NO_DATA_IN_STUDY_PERIOD,QUINLAN,32.9167,-96.1333,156.1,TX
USC00417425,0,1827,0.0,0,0,1827,0.0,0,0,1827,0.0,0,0.0,0.0,0,0,NO_DATA_IN_STUDY_PERIOD,RANGER,32.4667,-98.6833,435.9,TX
USC00417426,0,1827,0.0,0,0,1827,0.0,0,0,1827,0.0,0,0.0,0.0,0,0,NO_DATA_IN_STUDY_PERIOD,RANGER 1 W,32.4667,-98.7,470.0,TX
USC00417431,0,1827,0.0,0,0,1827,0.0,0,0,1827,0.0,0,0.0,0.0,0,0,NO_DATA_IN_STUDY_PERIOD,RANKIN,31.2286,-101.9461,797.1,TX
USC00417436,0,1827,0.0,0,0,1827,0.0,0,0,1827,0.0,0,0.0,0.0,0,0,NO_DATA_IN_STUDY_PERIOD,RATCLIFF,31.3833,-95.1333,-999.9,TX
USC00417463,0,1827,0.0,0,0,1827,0.0,0,0,1827,0.0,0,0.0,0.0,0,0,NO_DATA_IN_STUDY_PERIOD,RAY ROBERTS LAKE,33.3333,-97.05,182.9,TX
USC00417481,0,1827,0.0,0,0,1827,0.0,0,0,1827,0.0,0,0.0,0.0,0,0,NO_DATA_IN_STUDY_PERIOD,RED BLUFF DAM,31.895,-103.9183,867.8,TX
USC00417497,0,1827,0.0,0,0,1827,0.0,0,0,1827,0.0,0,0.0,0.0,0,0,NO_DATA_IN_STUDY_PERIOD,RED ROCK,29.9667,-97.45,158.5,TX
USW00023021,0,1827,0.0,0,0,1827,0.0,0,0,1827,0.0,0,0.0,0.0,0,0,NO_DATA_IN_STUDY_PERIOD,REESE AFB,33.6,-102.05,1014.1,TX
USC00417529,0,1827,0.0,0,0,1827,0.0,0,0,1827,0.0,0,0.0,0.0,0,0,NO_DATA_IN_STUDY_PERIOD,REFUGIO,28.3,-97.2833,14.9,TX
USC00417533,0,1827,0.0,0,0,1827,0.0,0,0,1827,0.0,0,0.0,0.0,0,0,NO_DATA_IN_STUDY_PERIOD,REFUGIO 2 NW,28.3294,-97.2947,13.7,TX
USC00417530,0,1827,0.0,0,0,1827,0.0,0,0,1827,0.0,0,0.0,0.0,0,0,NO_DATA_IN_STUDY_PERIOD,REFUGIO 3 SW,28.2939,-97.3297,16.5,TX
USC00417550,0,1827,0.0,0,0,1827,0.0,0,0,1827,0.0,0,0.0,0.0,0,0,NO_DATA_IN_STUDY_PERIOD,REMUDA,32.8136,-97.5756,259.1,TX
USC00417572,0,1827,0.0,0,0,1827,0.0,0,0,1827,0.0,0,0.0,0.0,0,0,NO_DATA_IN_STUDY_PERIOD,RHINELAND,33.5333,-99.65,366.1,TX
USC00417580,0,1827,0.0,0,0,1827,0.0,0,0,1827,0.0,0,0.0,0.0,0,0,NO_DATA_IN_STUDY_PERIOD,RICARDO,27.4167,-97.8167,18.0,TX
USC00417581,0,1827,0.0,0,0,1827,0.0,0,0,1827,0.0,0,0.0,0.0,0,0,NO_DATA_IN_STUDY_PERIOD,RICE,32.2667,-96.5,134.1,TX
USC00417586,0,1827,0.0,0,0,1827,0.0,0,0,1827,0.0,0,0.0,0.0,0,0,NO_DATA_IN_STUDY_PERIOD,RICHARDS,30.5381,-95.8458,96.0,TX
USC00417633,0,1827,0.0,0,0,1827,0.0,0,0,1827,0.0,0,0.0,0.0,0,0,NO_DATA_IN_STUDY_PERIOD,RISING STAR 1S,32.0817,-98.9658,497.7,TX
USC00417669,0,1827,0.0,0,0,1827,0.0,0,0,1827,0.0,0,0.0,0.0,0,0,NO_DATA_IN_STUDY_PERIOD,ROBERT LEE 4WSW,31.8836,-100.5358,583.4,TX
USC00417678,0,1827,0.0,0,0,1827,0.0,0,0,1827,0.0,0,0.0,0.0,0,0,NO_DATA_IN_STUDY_PERIOD,ROBY,32.7333,-100.3833,604.1,TX
USC00417680,0,1827,0.0,0,0,1827,0.0,0,0,1827,0.0,0,0.0,0.0,0,0,NO_DATA_IN_STUDY_PERIOD,ROCHELLE,31.2333,-99.2,509.0,TX
USC00417693,0,1827,0.0,0,0,1827,0.0,0,0,1827,0.0,0,0.0,0.0,0,0,NO_DATA_IN_STUDY_PERIOD,ROCK ISLAND,29.5333,-96.5833,75.9,TX
USC00417685,0,1827,0.0,0,0,1827,0.0,0,0,1827,0.0,0,0.0,0.0,0,0,NO_DATA_IN_STUDY_PERIOD,ROCKDALE,30.6431,-97.0372,160.9,TX
USC00417700,0,1827,0.0,0,0,1827,0.0,0,0,1827,0.0,0,0.0,0.0,0,0,NO_DATA_IN_STUDY_PERIOD,ROCKLAND 2 NW,31.0167,-94.4,26.8,TX
USC00417705,0,1827,0.0,0,0,1827,0.0,0,0,1827,0.0,0,0.0,0.0,0,0,NO_DATA_IN_STUDY_PERIOD,ROCKPORT MARINE LAB,28.0167,-97.05,3.0,TX
USC00417711,0,1827,0.0,0,0,1827,0.0,0,0,1827,0.0,0,0.0,0.0,0,0,NO_DATA_IN_STUDY_PERIOD,ROCKSPRINGS 5 W,30.0167,-100.3,729.1,TX
USC00417708,0,1827,0.0,0,0,1827,0.0,0,0,1827,0.0,0,0.0,0.0,0,0,NO_DATA_IN_STUDY_PERIOD,ROCKWALL,32.9333,-96.45,182.9,TX
USC00417730,0,1827,0.0,0,0,1827,0.0,0,0,1827,0.0,0,0.0,0.0,0,0,NO_DATA_IN_STUDY_PERIOD,ROMERO,35.7167,-102.9167,1238.1,TX
USC00417744,0,1827,0.0,0,0,1827,0.0,0,0,1827,0.0,0,0.0,0.0,0,0,NO_DATA_IN_STUDY_PERIOD,ROSEBUD,31.0736,-96.9789,125.0,TX
USC00417756,0,1827,0.0,0,0,1827,0.0,0,0,1827,0.0,0,0.0,0.0,0,0,NO_DATA_IN_STUDY_PERIOD,ROSENBERG,29.55,-95.7833,34.1,TX
USC00417779,0,1827,0.0,0,0,1827,0.0,0,0,1827,0.0,0,0.0,0.0,0,0,NO_DATA_IN_STUDY_PERIOD,ROSSVILLE,29.1,-98.6833,171.0,TX
USC00417790,0,1827,0.0,0,0,1827,0.0,0,0,1827,0.0,0,0.0,0.0,0,0,NO_DATA_IN_STUDY_PERIOD,ROUND ROCK,30.5,-97.6833,-999.9,TX
USC00417813,0,1827,0.0,0,0,1827,0.0,0,0,1827,0.0,0,0.0,0.0,0,0,NO_DATA_IN_STUDY_PERIOD,RUIDOSA 7 NE,30.0333,-104.5833,1104.9,TX
USC00417836,0,1827,0.0,0,0,1827,0.0,0,0,1827,0.0,0,0.0,0.0,0,0,NO_DATA_IN_STUDY_PERIOD,RUNGE,28.8297,-97.7133,89.9,TX
USC00417875,0,1827,0.0,0,0,1827,0.0,0,0,1827,0.0,0,0.0,0.0,0,0,NO_DATA_IN_STUDY_PERIOD,SABINE,29.7167,-93.8667,6.1,TX
USC00417887,0,1827,0.0,0,0,1827,0.0,0,0,1827,0.0,0,0.0,0.0,0,0,NO_DATA_IN_STUDY_PERIOD,SAGINAW,32.8667,-97.3667,-999.9,TX
USC00417920,0,1827,0.0,0,0,1827,0.0,0,0,1827,0.0,0,0.0,0.0,0,0,NO_DATA_IN_STUDY_PERIOD,SALT FLAT,31.7456,-105.0806,1134.5,TX
USC00417921,0,1827,0.0,0,0,1827,0.0,0,0,1827,0.0,0,0.0,0.0,0,0,NO_DATA_IN_STUDY_PERIOD,SALT FLAT 10 ENE,31.7833,-104.9,1186.0,TX
USW00023059,0,1827,0.0,0,0,1827,0.0,0,0,1827,0.0,0,0.0,0.0,0,0,NO_DATA_IN_STUDY_PERIOD,SALT FLAT CAA AP,31.75,-105.0833,1132.9,TX
USC00417938,0,1827,0.0,0,0,1827,0.0,0,0,1827,0.0,0,0.0,0.0,0,0,NO_DATA_IN_STUDY_PERIOD,SAN ANGELO 15WNW,31.4919,-100.6981,661.7,TX
USC00417940,0,1827,0.0,0,0,1827,0.0,0,0,1827,0.0,0,0.0,0.0,0,0,NO_DATA_IN_STUDY_PERIOD,SAN ANGELO DAM,31.4667,-100.4833,598.0,TX
USW00023017,0,1827,0.0,0,0,1827,0.0,0,0,1827,0.0,0,0.0,0.0,0,0,NO_DATA_IN_STUDY_PERIOD,SAN ANGELO GOODFELLOW AFB,31.4,-100.4,573.0,TX
USW00012931,0,1827,0.0,0,0,1827,0.0,0,0,1827,0.0,0,0.0,0.0,0,0,NO_DATA_IN_STUDY_PERIOD,SAN ANTONIO BROOKS AFB,29.35,-98.45,182.0,TX
USC00417948,0,1827,0.0,0,0,1827,0.0,0,0,1827,0.0,0,0.0,0.0,0,0,NO_DATA_IN_STUDY_PERIOD,SAN ANTONIO NURSERY,29.3,-98.4667,180.1,TX
USC00418169,0,1827,0.0,0,0,1827,0.0,0,0,1827,0.0,0,0.0,0.0,0,0,NO_DATA_IN_STUDY_PERIOD,SAN ANTONIO/SEAWORLD,29.4508,-98.7028,286.5,TX
USC00417952,0,1827,0.0,0,0,1827,0.0,0,0,1827,0.0,0,0.0,0.0,0,0,NO_DATA_IN_STUDY_PERIOD,SAN BENITO,26.1333,-97.6333,11.9,TX
USC00417957,0,1827,0.0,0,0,1827,0.0,0,0,1827,0.0,0,0.0,0.0,0,0,NO_DATA_IN_STUDY_PERIOD,SAN BERNARD W/L REFUGE,28.9167,-95.5833,3.7,TX
USC00417979,0,1827,0.0,0,0,1827,0.0,0,0,1827,0.0,0,0.0,0.0,0,0,NO_DATA_IN_STUDY_PERIOD,SAN JUANITO,26.7,-98.2333,-999.9,TX
USW00012910,0,1827,0.0,0,0,1827,0.0,0,0,1827,0.0,0,0.0,0.0,0,0,NO_DATA_IN_STUDY_PERIOD,SAN MARCOS GARY AFB,29.8833,-97.8667,178.0,TX
USC00417992,0,1827,0.0,0,0,1827,0.0,0,0,1827,0.0,0,0.0,0.0,0,0,NO_DATA_IN_STUDY_PERIOD,SAN SABA,31.1833,-98.7167,364.2,TX
USC00418022,0,1827,0.0,0,0,1827,0.0,0,0,1827,0.0,0,0.0,0.0,0,0,NO_DATA_IN_STUDY_PERIOD,SANDERSON,30.1414,-102.3917,849.8,TX
USC00418043,0,1827,0.0,0,0,1827,0.0,0,0,1827,0.0,0,0.0,0.0,0,0,NO_DATA_IN_STUDY_PERIOD,SANGER,33.3633,-97.1744,205.7,TX
USC00418050,0,1827,0.0,0,0,1827,0.0,0,0,1827,0.0,0,0.0,0.0,0,0,NO_DATA_IN_STUDY_PERIOD,SANTA ANA NWR,26.0825,-98.1353,19.8,TX
USC00418047,0,1827,0.0,0,0,1827,0.0,0,0,1827,0.0,0,0.0,0.0,0,0,NO_DATA_IN_STUDY_PERIOD,SANTA ANNA,31.7428,-99.3106,531.9,TX
USC00418081,0,1827,0.0,0,0,1827,0.0,0,0,1827,0.0,0,0.0,0.0,0,0,NO_DATA_IN_STUDY_PERIOD,SARITA 7 E,27.2169,-97.6956,11.6,TX
USC00418154,0,1827,0.0,0,0,1827,0.0,0,0,1827,0.0,0,0.0,0.0,0,0,NO_DATA_IN_STUDY_PERIOD,SEAGRAVES,32.95,-102.5667,1047.9,TX
USC00418160,0,1827,0.0,0,0,1827,0.0,0,0,1827,0.0,0,0.0,0.0,0,0,NO_DATA_IN_STUDY_PERIOD,SEALY,29.7714,-96.1456,59.7,TX
USC00418186,0,1827,0.0,0,0,1827,0.0,0,0,1827,0.0,0,0.0,0.0,0,0,NO_DATA_IN_STUDY_PERIOD,SEGUIN,29.5833,-97.95,156.1,TX
USC00418231,0,1827,0.0,0,0,1827,0.0,0,0,1827,0.0,0,0.0,0.0,0,0,NO_DATA_IN_STUDY_PERIOD,SHAEFFER RCH,27.6667,-97.75,57.9,TX
USC00418236,0,1827,0.0,0,0,1827,0.0,0,0,1827,0.0,0,0.0,0.0,0,0,NO_DATA_IN_STUDY_PERIOD,SHAMROCK #2,35.215,-100.2503,719.3,TX
USC00418252,0,1827,0.0,0,0,1827,0.0,0,0,1827,0.0,0,0.0,0.0,0,0,NO_DATA_IN_STUDY_PERIOD,SHEFFIELD,30.6886,-101.8272,662.9,TX
USC00418305,0,1827,0.0,0,0,1827,0.0,0,0,1827,0.0,0,0.0,0.0,0,0,NO_DATA_IN_STUDY_PERIOD,SIERRA BLANCA 2 E,31.1831,-105.3542,1399.0,TX
USC00418335,0,1827,0.0,0,0,1827,0.0,0,0,1827,0.0,0,0.0,0.0,0,0,NO_DATA_IN_STUDY_PERIOD,SIMMS 4 WNW,33.3667,-94.5667,98.1,TX
USC00418382,0,1827,0.0,0,0,1827,0.0,0,0,1827,0.0,0,0.0,0.0,0,0,NO_DATA_IN_STUDY_PERIOD,SLOAN,31.15,-98.9167,396.8,TX
USC00418435,0,1827,0.0,0,0,1827,0.0,0,0,1827,0.0,0,0.0,0.0,0,0,NO_DATA_IN_STUDY_PERIOD,SOCORRO,31.65,-106.2833,1115.9,TX
USC00418445,0,1827,0.0,0,0,1827,0.0,0,0,1827,0.0,0,0.0,0.0,0,0,NO_DATA_IN_STUDY_PERIOD,SOMERVILLE,30.35,-96.5167,75.9,TX
USC00418450,0,1827,0.0,0,0,1827,0.0,0,0,1827,0.0,0,0.0,0.0,0,0,NO_DATA_IN_STUDY_PERIOD,SONORA EXP ST,30.2667,-100.5667,762.9,TX
USC00418523,0,1827,0.0,0,0,1827,0.0,0,0,1827,0.0,0,0.0,0.0,0,0,NO_DATA_IN_STUDY_PERIOD,SPEARMAN,36.1981,-101.1847,943.4,TX
USC00418561,0,1827,0.0,0,0,1827,0.0,0,0,1827,0.0,0,0.0,0.0,0,0,NO_DATA_IN_STUDY_PERIOD,SPRINGTOWN,32.9667,-97.6667,264.9,TX
USC00418624,0,1827,0.0,0,0,1827,0.0,0,0,1827,0.0,0,0.0,0.0,0,0,NO_DATA_IN_STUDY_PERIOD,STEPHENVILLE 4 N,32.2833,-98.2,433.1,TX
USC00418625,0,1827,0.0,0,0,1827,0.0,0,0,1827,0.0,0,0.0,0.0,0,0,NO_DATA_IN_STUDY_PERIOD,STEPHENVILLE 7 WSW,32.1667,-98.3167,442.0,TX
USC00418647,0,1827,0.0,0,0,1827,0.0,0,0,1827,0.0,0,0.0,0.0,0,0,NO_DATA_IN_STUDY_PERIOD,STINNETT,35.8333,-101.45,954.0,TX
USC00418648,0,1827,0.0,0,0,1827,0.0,0,0,1827,0.0,0,0.0,0.0,0,0,NO_DATA_IN_STUDY_PERIOD,STINNETT (1),35.8167,-101.45,967.7,TX
USC00418683,0,1827,0.0,0,0,1827,0.0,0,0,1827,0.0,0,0.0,0.0,0,0,NO_DATA_IN_STUDY_PERIOD,STOWELL,29.7833,-94.3833,-999.9,TX
USC00418692,0,1827,0.0,0,0,1827,0.0,0,0,1827,0.0,0,0.0,0.0,0,0,NO_DATA_IN_STUDY_PERIOD,STRATFORD,36.4414,-102.0775,1098.2,TX
USC00418714,0,1827,0.0,0,0,1827,0.0,0,0,1827,0.0,0,0.0,0.0,0,0,NO_DATA_IN_STUDY_PERIOD,STUDY BUTTE,29.3286,-103.5531,781.2,TX
USC00418715,0,1827,0.0,0,0,1827,0.0,0,0,1827,0.0,0,0.0,0.0,0,0,NO_DATA_IN_STUDY_PERIOD,STUDY BUTTE 30NNE,29.5811,-103.3539,942.4,TX
USC00418721,0,1827,0.0,0,0,1827,0.0,0,0,1827,0.0,0,0.0,0.0,0,0,NO_DATA_IN_STUDY_PERIOD,SUBSTN 14,30.2667,-100.5833,793.1,TX
USC00418761,0,1827,0.0,0,0,1827,0.0,0,0,1827,0.0,0,0.0,0.0,0,0,NO_DATA_IN_STUDY_PERIOD,SUNRAY 4 SW,35.9667,-101.8667,1079.9,TX
USC00418773,0,1827,0.0,0,0,1827,0.0,0,0,1827,0.0,0,0.0,0.0,0,0,NO_DATA_IN_STUDY_PERIOD,SUTHERLAND SPRINGS,29.2833,-98.05,-999.9,TX
USC00418788,0,1827,0.0,0,0,1827,0.0,0,0,1827,0.0,0,0.0,0.0,0,0,NO_DATA_IN_STUDY_PERIOD,SWEETWATER,32.4667,-100.4,659.3,TX
USC00418789,0,1827,0.0,0,0,1827,0.0,0,0,1827,0.0,0,0.0,0.0,0,0,NO_DATA_IN_STUDY_PERIOD,SWEETWATER AVENGER FLD,32.4667,-100.4667,729.1,TX
USC00418852,0,1827,0.0,0,0,1827,0.0,0,0,1827,0.0,0,0.0,0.0,0,0,NO_DATA_IN_STUDY_PERIOD,TASCOSA,35.5667,-102.3,1040.0,TX
USC00418861,0,1827,0.0,0,0,1827,0.0,0,0,1827,0.0,0,0.0,0.0,0,0,NO_DATA_IN_STUDY_PERIOD,TAYLOR,30.57,-97.4092,172.2,TX
USC00418910,0,1827,0.0,0,0,1827,0.0,0,0,1827,0.0,0,0.0,0.0,0,0,NO_DATA_IN_STUDY_PERIOD,TEMPLE,31.0781,-97.3183,193.5,TX
USC00418926,0,1827,0.0,0,0,1827,0.0,0,0,1827,0.0,0,0.0,0.0,0,0,NO_DATA_IN_STUDY_PERIOD,TERLINGUA RCH 2,29.4744,-103.4061,1122.3,TX
USC00418939,0,1827,0.0,0,0,1827,0.0,0,0,1827,0.0,0,0.0,0.0,0,0,NO_DATA_IN_STUDY_PERIOD,TESCO,32.5,-100.25,609.9,TX
USC00418944,0,1827,0.0,0,0,1827,0.0,0,0,1827,0.0,0,0.0,0.0,0,0,NO_DATA_IN_STUDY_PERIOD,TEXARKANA DAM,33.3,-94.1667,86.0,TX
USC00418995,0,1827,0.0,0,0,1827,0.0,0,0,1827,0.0,0,0.0,0.0,0,0,NO_DATA_IN_STUDY_PERIOD,THOMPSONS,29.4667,-95.55,20.7,TX
USC00419004,0,1827,0.0,0,0,1827,0.0,0,0,1827,0.0,0,0.0,0.0,0,0,NO_DATA_IN_STUDY_PERIOD,THORNTON 1SSE,31.3917,-96.5656,144.8,TX
USC00419014,0,1827,0.0,0,0,1827,0.0,0,0,1827,0.0,0,0.0,0.0,0,0,NO_DATA_IN_STUDY_PERIOD,THROCKMORTON,33.1806,-99.1897,417.6,TX
USC00419013,0,1827,0.0,0,0,1827,0.0,0,0,1827,0.0,0,0.0,0.0,0,0,NO_DATA_IN_STUDY_PERIOD,THROCKMORTON 8 NNW,33.3,-99.2167,-999.9,TX
USC00419029,0,1827,0.0,0,0,1827,0.0,0,0,1827,0.0,0,0.0,0.0,0,0,NO_DATA_IN_STUDY_PERIOD,TILDEN,28.4667,-98.55,-999.9,TX
USC00419031,0,1827,0.0,0,0,1827,0.0,0,0,1827,0.0,0,0.0,0.0,0,0,NO_DATA_IN_STUDY_PERIOD,TILDEN 4 SSE,28.4114,-98.5294,105.2,TX
USC00419068,0,1827,0.0,0,0,1827,0.0,0,0,1827,0.0,0,0.0,0.0,0,0,NO_DATA_IN_STUDY_PERIOD,TOLEDO BEND DAM,31.175,-93.5653,57.9,TX
USC00418568,0,1827,0.0,0,0,1827,0.0,0,0,1827,0.0,0,0.0,0.0,0,0,NO_DATA_IN_STUDY_PERIOD,TOWN BLUFF DAM,30.8,-94.1833,65.2,TX
USC00419122,0,1827,0.0,0,0,1827,0.0,0,0,1827,0.0,0,0.0,0.0,0,0,NO_DATA_IN_STUDY_PERIOD,TRENT,32.4906,-100.1197,582.2,TX
USC00419139,0,1827,0.0,0,0,1827,0.0,0,0,1827,0.0,0,0.0,0.0,0,0,NO_DATA_IN_STUDY_PERIOD,TRINITY,30.95,-95.3833,70.1,TX
USC00419147,0,1827,0.0,0,0,1827,0.0,0,0,1827,0.0,0,0.0,0.0,0,0,NO_DATA_IN_STUDY_PERIOD,TROUP,32.15,-95.1167,143.0,TX
USC00419169,0,1827,0.0,0,0,1827,0.0,0,0,1827,0.0,0,0.0,0.0,0,0,NO_DATA_IN_STUDY_PERIOD,TUCO STN,33.8833,-101.85,1022.0,TX
USC00419176,0,1827,0.0,0,0,1827,0.0,0,0,1827,0.0,0,0.0,0.0,0,0,NO_DATA_IN_STUDY_PERIOD,TULIA 6 NE,34.6,-101.7,1068.0,TX
USC00419202,0,1827,0.0,0,0,1827,0.0,0,0,1827,0.0,0,0.0,0.0,0,0,NO_DATA_IN_STUDY_PERIOD,TWOHIG,28.5333,-99.3333,139.3,TX
USC00419214,0,1827,0.0,0,0,1827,0.0,0,0,1827,0.0,0,0.0,0.0,0,0,NO_DATA_IN_STUDY_PERIOD,TYLER 5 NE,32.4,-95.2667,149.0,TX
USC00419265,0,1827,0.0,0,0,1827,0.0,0,0,1827,0.0,0,0.0,0.0,0,0,NO_DATA_IN_STUDY_PERIOD,UVALDE,29.2167,-99.7667,278.0,TX
USC00419267,0,1827,0.0,0,0,1827,0.0,0,0,1827,0.0,0,0.0,0.0,0,0,NO_DATA_IN_STUDY_PERIOD,UVALDE,29.2333,-99.8,284.1,TX
USC00419268,0,1827,0.0,0,0,1827,0.0,0,0,1827,0.0,0,0.0,0.0,0,0,NO_DATA_IN_STUDY_PERIOD,UVALDE 3 SW,29.185,-99.8325,280.4,TX
USC00419280,0,1827,0.0,0,0,1827,0.0,0,0,1827,0.0,0,0.0,0.0,0,0,NO_DATA_IN_STUDY_PERIOD,VALLEY JUNCTION,30.8333,-96.6333,82.0,TX
USC00419329,0,1827,0.0,0,0,1827,0.0,0,0,1827,0.0,0,0.0,0.0,0,0,NO_DATA_IN_STUDY_PERIOD,VEGA SCS 101 2 46,35.25,-102.4333,1225.9,TX
USC00419365,0,1827,0.0,0,0,1827,0.0,0,0,1827,0.0,0,0.0,0.0,0,0,NO_DATA_IN_STUDY_PERIOD,VICTORIA CP&L,28.7875,-97.0106,18.6,TX
USW00012922,0,1827,0.0,0,0,1827,0.0,0,0,1827,0.0,0,0.0,0.0,0,0,NO_DATA_IN_STUDY_PERIOD,VICTORIA WB AP,28.7833,-97.0833,35.1,TX
USC00419415,0,1827,0.0,0,0,1827,0.0,0,0,1827,0.0,0,0.0,0.0,0,0,NO_DATA_IN_STUDY_PERIOD,WACO,31.5481,-97.2072,191.1,TX
USC00419421,0,1827,0.0,0,0,1827,0.0,0,0,1827,0.0,0,0.0,0.0,0,0,NO_DATA_IN_STUDY_PERIOD,WACO,31.5333,-97.0667,116.1,TX
USW00013928,0,1827,0.0,0,0,1827,0.0,0,0,1827,0.0,0,0.0,0.0,0,0,NO_DATA_IN_STUDY_PERIOD,WACO J CONNALLY AFB,31.6333,-97.0667,153.0,TX
USC00419435,0,1827,0.0,0,0,1827,0.0,0,0,1827,0.0,0,0.0,0.0,0,0,NO_DATA_IN_STUDY_PERIOD,WALCOTT,34.9333,-102.9833,1253.9,TX
USC00419480,0,1827,0.0,0,0,1827,0.0,0,0,1827,0.0,0,0.0,0.0,0,0,NO_DATA_IN_STUDY_PERIOD,WARREN 2 S,30.5833,-94.4,33.5,TX
USC00419503,0,1827,0.0,0,0,1827,0.0,0,0,1827,0.0,0,0.0,0.0,0,0,NO_DATA_IN_STUDY_PERIOD,WATERS BLUFF,32.525,-95.1306,153.6,TX
USC00419522,0,1827,0.0,0,0,1827,0.0,0,0,1827,0.0,0,0.0,0.0,0,0,NO_DATA_IN_STUDY_PERIOD,WAXAHACHIE,32.4281,-96.8422,190.8,TX
USW00023005,0,1827,0.0,0,0,1827,0.0,0,0,1827,0.0,0,0.0,0.0,0,0,NO_DATA_IN_STUDY_PERIOD,WEBB AFB,32.2167,-101.5167,780.9,TX
USC00419549,0,1827,0.0,0,0,1827,0.0,0,0,1827,0.0,0,0.0,0.0,0,0,NO_DATA_IN_STUDY_PERIOD,WEIMAR,29.7,-96.7833,-999.9,TX
USC00419565,0,1827,0.0,0,0,1827,0.0,0,0,1827,0.0,0,0.0,0.0,0,0,NO_DATA_IN_STUDY_PERIOD,WELLINGTON,34.8422,-100.2103,621.8,TX
USC00419655,0,1827,0.0,0,0,1827,0.0,0,0,1827,0.0,0,0.0,0.0,0,0,NO_DATA_IN_STUDY_PERIOD,WHARTON,29.3178,-96.0847,33.8,TX
USC00419709,0,1827,0.0,0,0,1827,0.0,0,0,1827,0.0,0,0.0,0.0,0,0,NO_DATA_IN_STUDY_PERIOD,WHITE OAK 1 WSW,32.5164,-94.8914,96.0,TX
USC00419716,0,1827,0.0,0,0,1827,0.0,0,0,1827,0.0,0,0.0,0.0,0,0,NO_DATA_IN_STUDY_PERIOD,WHITSETT 3 SW,28.6333,-98.2667,64.0,TX
USC00419732,0,1827,0.0,0,0,1827,0.0,0,0,1827,0.0,0,0.0,0.0,0,0,NO_DATA_IN_STUDY_PERIOD,WICHITA VALLEY 55,33.9333,-98.6167,302.1,TX
USC00419730,0,1827,0.0,0,0,1827,0.0,0,0,1827,0.0,0,0.0,0.0,0,0,NO_DATA_IN_STUDY_PERIOD,WICHITA VALLEY FARM 29,33.9333,-98.5833,292.9,TX
USC00419734,0,1827,0.0,0,0,1827,0.0,0,0,1827,0.0,0,0.0,0.0,0,0,NO_DATA_IN_STUDY_PERIOD,WIERGATE,31.0167,-93.7167,54.9,TX
USC00419754,0,1827,0.0,0,0,1827,0.0,0,0,1827,0.0,0,0.0,0.0,0,0,NO_DATA_IN_STUDY_PERIOD,WILDWOOD,30.5347,-94.4456,61.0,TX
USC00419772,0,1827,0.0,0,0,1827,0.0,0,0,1827,0.0,0,0.0,0.0,0,0,NO_DATA_IN_STUDY_PERIOD,WILLIAM HARRIS RSVR,29.25,-95.55,11.9,TX
USC00419780,0,1827,0.0,0,0,1827,0.0,0,0,1827,0.0,0,0.0,0.0,0,0,NO_DATA_IN_STUDY_PERIOD,WILLIS,30.4333,-95.4833,-999.9,TX
USC00419842,0,1827,0.0,0,0,1827,0.0,0,0,1827,0.0,0,0.0,0.0,0,0,NO_DATA_IN_STUDY_PERIOD,WINTER HAVEN EXP STN,28.6333,-99.8667,182.9,TX
USC00419845,0,1827,0.0,0,0,1827,0.0,0,0,1827,0.0,0,0.0,0.0,0,0,NO_DATA_IN_STUDY_PERIOD,WINTERS 9 NNE,32.1,-99.9,601.1,TX
USC00419896,0,1827,0.0,0,0,1827,0.0,0,0,1827,0.0,0,0.0,0.0,0,0,NO_DATA_IN_STUDY_PERIOD,WOODVILLE,30.7833,-94.4333,70.1,TX
USC00419935,0,1827,0.0,0,0,1827,0.0,0,0,1827,0.0,0,0.0,0.0,0,0,NO_DATA_IN_STUDY_PERIOD,WTU LAKE PAULINE,34.25,-99.6833,458.1,TX
USC00419966,0,1827,0.0,0,0,1827,0.0,0,0,1827,0.0,0,0.0,0.0,0,0,NO_DATA_IN_STUDY_PERIOD,YSLETA,31.6953,-106.3217,1118.6,TX
USC00419976,0,1827,0.0,0,0,1827,0.0,0,0,1827,0.0,0,0.0,0.0,0,0,NO_DATA_IN_STUDY_PERIOD,ZAPATA 1 S,26.8706,-99.2536,97.5,TX
